problem,solver,settings,runtime,found,primal_residual,dual_residual,duality_gap,cost_error
DUAL1,clarabel,default,0.0065682019921951,True,3.3306690738754696e-16,4.289510824289494e-15,5.484308888970002e-09,2.689138099698507e-09
DUAL1,clarabel,high_accuracy,0.007451710000168532,True,6.661338147750939e-16,3.4172791007515413e-12,2.491968853490789e-10,1.1846231634526916e-10
DUAL1,clarabel,low_accuracy,0.006473465997260064,True,6.661338147750939e-16,2.7300210703185e-15,1.8639194656125402e-05,5.77168480252882e-06
DUAL1,cvxopt,default,0.011313230002997443,True,0.0,1.7420569744532282e-15,5.489789303703141e-09,2.8791791312210435e-09
DUAL1,cvxopt,high_accuracy,0.009819280996453017,True,0.0,1.7420569744532282e-15,5.489789303703141e-09,2.8791791312210435e-09
DUAL1,cvxopt,low_accuracy,0.015368839012808166,True,0.0,1.7420569744532282e-15,5.489789303703141e-09,2.8791791312210435e-09
DUAL1,daqp,default,0.0005578440031968057,True,1.2323475573339238e-14,4.8433479449272454e-15,2.914335439641036e-16,2.6653125539954914e-10
DUAL1,daqp,high_accuracy,0.0009150389960268512,True,1.2323475573339238e-14,4.8433479449272454e-15,2.914335439641036e-16,2.6653125539954914e-10
DUAL1,daqp,low_accuracy,0.0004956529883202165,True,0.0005833811530557839,3.2890357104520263e-15,9.020562075079397e-17,2.18979584421658e-06
DUAL1,ecos,default,0.022148422998725437,True,9.736655925962623e-14,6.0626033182825776e-06,1.0762487090421047e-07,2.37405865799456e-10
DUAL1,ecos,high_accuracy,0.021876553000765853,True,9.736655925962623e-14,6.0626033182825776e-06,1.0762487090421047e-07,2.37405865799456e-10
DUAL1,ecos,low_accuracy,0.019531893005478196,True,9.736655925962623e-14,6.0626033182825776e-06,1.0762487090421047e-07,2.37405865799456e-10
DUAL1,gurobi,default,0.04496156699315179,True,8.404388296412435e-12,8.055489748165501e-08,3.4709823973355647e-09,2.5589092580990958e-09
DUAL1,gurobi,high_accuracy,0.010795843991218135,True,8.404388296412435e-12,8.055489748165501e-08,3.4709823973355647e-09,2.5589092580990958e-09
DUAL1,gurobi,low_accuracy,0.012163933002739213,True,8.404388296412435e-12,8.055489748165501e-08,3.4709823973355647e-09,2.5589092580990958e-09
DUAL1,highs,default,0.04010905700852163,True,4.440892098500626e-16,7.664321323430645e-09,3.743247767307167e-09,2.6653090151596004e-10
DUAL1,highs,high_accuracy,0.03988451800250914,True,4.440892098500626e-16,7.664321323430645e-09,3.743247767307167e-09,2.6653090151596004e-10
DUAL1,highs,low_accuracy,0.03977905500505585,True,4.440892098500626e-16,7.664321323430645e-09,3.743247767307167e-09,2.6653090151596004e-10
DUAL1,osqp,default,0.0025938309991033748,True,2.4229337812632906e-05,2.7583335912573226e-07,2.8053949784957464e-06,2.911420691122102e-06
DUAL1,osqp,high_accuracy,0.005807715991977602,True,1.669450209715794e-10,1.2431500273635265e-11,1.710553210293521e-11,2.8516306677106584e-10
DUAL1,osqp,low_accuracy,0.0024059779971139506,True,2.494884218824924e-09,1.173576164650858e-07,6.908460027603518e-08,9.598009886868653e-12
DUAL1,proxqp,default,0.0011002310056937858,True,4.524781293074986e-06,1.986578436106133e-08,0.00358161858131305,2.458328623236583e-07
DUAL1,proxqp,high_accuracy,0.001224819992785342,True,4.4873776249441824e-11,6.521866380282404e-14,5.71374891844556e-12,2.7224725945851347e-10
DUAL1,proxqp,low_accuracy,0.0007100149960024282,True,9.339673333216584e-05,1.4065402222165901e-06,0.5335077830481931,0.0009788374995269786
DUAL1,qpoases,default,0.012627069998416118,True,1.1102230246251565e-16,2.1788126858268697e-15,1.3877787807814457e-17,2.6653088763817223e-10
DUAL1,qpoases,high_accuracy,0.02913773199543357,True,2.220446049250313e-16,1.85268467234323e-15,1.734723475976807e-16,2.6653076273808196e-10
DUAL1,qpoases,low_accuracy,0.0026503450062591583,True,4.440892098500626e-16,5.995204332975845e-15,3.726186026398182e-15,2.6652843820862415e-10
DUAL1,qpswift,default,0.002377665994572453,True,1.1102230246251565e-16,6.167197589304575e-08,2.299655695037206e-09,1.0302223935054755e-09
DUAL1,qpswift,high_accuracy,0.0029988120077177882,True,2.220446049250313e-16,8.065458565777173e-12,2.972830315250974e-13,2.6633452387958556e-10
DUAL1,qpswift,low_accuracy,0.0021241619979264215,True,0.0,9.314498542106406e-05,1.5191782234830198e-06,9.079114782969966e-07
DUAL1,quadprog,default,0.0013276149984449148,True,2.9976021664879227e-15,2.8151092568151626e-14,3.95516952522712e-16,2.6653112356056496e-10
DUAL1,quadprog,high_accuracy,0.0012979110033484176,True,2.9976021664879227e-15,2.8151092568151626e-14,3.95516952522712e-16,2.6653112356056496e-10
DUAL1,quadprog,low_accuracy,0.0014686359936604276,True,2.9976021664879227e-15,2.8151092568151626e-14,3.95516952522712e-16,2.6653112356056496e-10
DUAL1,scs,default,0.0024896329996408895,True,8.795098613955961e-06,4.737696574413919e-05,1.983020261339083e-06,9.51656997288941e-07
DUAL1,scs,high_accuracy,0.003048865997698158,True,1.3663687584156017e-12,5.660076574098838e-12,3.031759628084723e-13,2.663530299096273e-10
DUAL1,scs,low_accuracy,0.0030246749956859276,True,8.795098613955961e-06,4.737696574413919e-05,1.983020261339083e-06,9.51656997288941e-07
DUAL2,clarabel,default,0.02038760199502576,True,2.220446049250313e-16,2.0228290755602683e-12,5.905358008151396e-10,2.2670198357443994e-10
DUAL2,clarabel,high_accuracy,0.019442713004536927,True,2.220446049250313e-16,2.0228290755602683e-12,5.905358008151396e-10,2.2670198357443994e-10
DUAL2,clarabel,low_accuracy,0.019759361995966174,True,4.440892098500626e-16,1.7708375727159414e-15,2.9420143005921828e-05,6.7192846381833315e-06
DUAL2,cvxopt,default,0.010220494004897773,True,0.0,1.033038983957761e-15,2.114704949346402e-08,1.7500391830127526e-09
DUAL2,cvxopt,high_accuracy,0.015611561000696383,True,0.0,1.033038983957761e-15,2.114704949346402e-08,1.7500391830127526e-09
DUAL2,cvxopt,low_accuracy,0.009414426996954717,True,0.0,1.033038983957761e-15,2.114704949346402e-08,1.7500391830127526e-09
DUAL2,daqp,default,0.0011900529934791848,True,2.55351295663786e-15,2.8449465006019636e-15,1.5265566588595902e-16,1.2272180494043994e-10
DUAL2,daqp,high_accuracy,0.0014168490015435964,True,2.55351295663786e-15,2.8449465006019636e-15,1.5265566588595902e-16,1.2272180494043994e-10
DUAL2,daqp,low_accuracy,0.0013200050016166642,True,0.0005042942084183311,2.3245294578089215e-15,1.1796119636642288e-16,3.3859479181275187e-06
DUAL2,ecos,default,0.028189400996780023,True,2.4424906541753444e-15,1.174525969373924e-05,1.7502601520891226e-09,1.890863229880857e-10
DUAL2,ecos,high_accuracy,0.025087759000598453,True,2.4424906541753444e-15,1.174525969373924e-05,1.7502601520891226e-09,1.890863229880857e-10
DUAL2,ecos,low_accuracy,0.024752194993197918,True,2.4424906541753444e-15,1.174525969373924e-05,1.7502601520891226e-09,1.890863229880857e-10
DUAL2,gurobi,default,0.050881925999419764,True,1.8041124150158794e-13,7.262801898083593e-08,2.0307408532538318e-11,1.228449772461282e-10
DUAL2,gurobi,high_accuracy,0.03351747400301974,True,1.8041124150158794e-13,7.262801898083593e-08,2.0307408532538318e-11,1.228449772461282e-10
DUAL2,gurobi,low_accuracy,0.038665322004817426,True,1.8041124150158794e-13,7.262801898083593e-08,2.0307408532538318e-11,1.228449772461282e-10
DUAL2,highs,default,0.10145202299463563,True,1.1102230246251565e-16,3.652013025323697e-09,1.7871813681735738e-09,1.227219090238485e-10
DUAL2,highs,high_accuracy,0.10390357099822722,True,1.1102230246251565e-16,3.652013025323697e-09,1.7871813681735738e-09,1.227219090238485e-10
DUAL2,highs,low_accuracy,0.10409068700391799,True,1.1102230246251565e-16,3.652013025323697e-09,1.7871813681735738e-09,1.227219090238485e-10
DUAL2,osqp,default,0.005885833990760148,True,1.7181944755861878e-09,8.55181807209171e-08,7.743254203339845e-08,1.9184723254461744e-10
DUAL2,osqp,high_accuracy,0.007211724994704127,True,3.3672262933753995e-13,2.804961124480698e-13,2.6947657486878436e-13,1.2269940619091813e-10
DUAL2,osqp,low_accuracy,0.005972194005153142,True,1.7181944755861878e-09,8.55181807209171e-08,7.743254203339845e-08,1.9184723254461744e-10
DUAL2,proxqp,default,0.0016420140018453822,True,8.661200237737524e-07,2.6423629395644355e-09,5.8298895669328665e-08,5.826331291730602e-08
DUAL2,proxqp,high_accuracy,0.002171611995436251,True,7.489640227022694e-10,2.0928675459330748e-12,3.879709054022129e-11,8.385912797503892e-11
DUAL2,proxqp,low_accuracy,0.0023345739900832996,True,3.1052315007419956e-05,1.1784830748762243e-07,2.3303763866944216e-06,2.3616934668943546e-06
DUAL2,qpoases,default,0.04876112200145144,True,3.3306690738754696e-16,1.4432899320127035e-15,5.551115123125783e-17,1.227219159627424e-10
DUAL2,qpoases,high_accuracy,0.08301225199829787,True,2.220446049250313e-16,1.0547118733938987e-15,4.163336342344337e-17,1.227219020849546e-10
DUAL2,qpoases,low_accuracy,0.004787030004081316,True,1.487901815644399e-12,2.9351521213527576e-15,4.0342729157316626e-14,1.2268145527238872e-10
DUAL2,qpswift,default,0.006513542990433052,True,0.0,7.483732917759983e-09,1.0085000196058402e-10,1.3029309575696146e-10
DUAL2,qpswift,high_accuracy,0.007606036000652239,True,2.220446049250313e-16,7.483716306858932e-11,1.0082906731767594e-12,1.227975568451889e-10
DUAL2,qpswift,low_accuracy,0.004946676010149531,True,2.220446049250313e-16,0.00027031007666616143,1.8884813681299684e-05,3.6967595043319035e-06
DUAL2,quadprog,default,0.0018054779939120635,True,3.3306690738754696e-16,1.1213252548714081e-14,9.020562075079397e-17,1.2272188126827288e-10
DUAL2,quadprog,high_accuracy,0.0023352010030066594,True,3.3306690738754696e-16,1.1213252548714081e-14,9.020562075079397e-17,1.2272188126827288e-10
DUAL2,quadprog,low_accuracy,0.0025448060041526332,True,3.3306690738754696e-16,1.1213252548714081e-14,9.020562075079397e-17,1.2272188126827288e-10
DUAL2,scs,default,0.006355389006785117,True,2.1457680632330778e-08,2.3014786469655046e-07,1.2974798097878232e-07,7.859127862386295e-10
DUAL2,scs,high_accuracy,0.007419642002787441,True,1.1102230246251565e-15,1.5620837956475953e-13,5.61554792250593e-15,1.2272366456400619e-10
DUAL2,scs,low_accuracy,0.006740688011632301,True,2.1457680632330778e-08,2.3014786469655046e-07,1.2974798097878232e-07,7.859127862386295e-10
DUAL3,clarabel,default,0.028074992005713284,True,1.1102230246251565e-15,1.431476324195019e-11,2.6664617736038565e-09,2.165127216402496e-09
DUAL3,clarabel,high_accuracy,0.026319545999285765,True,1.1102230246251565e-16,6.307001009777866e-12,4.294714583963355e-10,2.9799579470690674e-09
DUAL3,clarabel,low_accuracy,0.021522120005101897,True,4.440892098500626e-16,2.2478204600396776e-15,4.6590849436256576e-05,1.5687690587573577e-05
DUAL3,cvxopt,default,0.012556920002680272,True,2.220446049250313e-16,1.5118571004330734e-15,1.5341437287208493e-08,2.6296391175684164e-09
DUAL3,cvxopt,high_accuracy,0.03465499798767269,True,2.220446049250313e-16,1.5118571004330734e-15,1.5341437287208493e-08,2.6296391175684164e-09
DUAL3,cvxopt,low_accuracy,0.03145842399680987,True,2.220446049250313e-16,1.5118571004330734e-15,1.5341437287208493e-08,2.6296391175684164e-09
DUAL3,daqp,default,0.0018095169943990186,True,1.2212453270876722e-15,4.107825191113079e-15,2.220446049250313e-16,3.133978909719559e-09
DUAL3,daqp,high_accuracy,0.002117176991305314,True,1.2212453270876722e-15,4.107825191113079e-15,2.220446049250313e-16,3.133978909719559e-09
DUAL3,daqp,low_accuracy,0.001660830996115692,True,0.0009261330035937771,4.690692279041286e-15,8.326672684688674e-17,0.0001220855978791846
DUAL3,ecos,default,0.03581144500640221,True,6.106226635438361e-15,2.887278601726445e-05,3.9660953105036256e-08,3.0057360766999608e-09
DUAL3,ecos,high_accuracy,0.03560657000343781,True,6.106226635438361e-15,2.887278601726445e-05,3.9660953105036256e-08,3.0057360766999608e-09
DUAL3,ecos,low_accuracy,0.03560358300455846,True,6.106226635438361e-15,2.887278601726445e-05,3.9660953105036256e-08,3.0057360766999608e-09
DUAL3,gurobi,default,0.05626760600716807,True,9.576672788114138e-12,4.999567085328671e-08,1.6948897285651299e-09,2.350667688277852e-09
DUAL3,gurobi,high_accuracy,0.037182982996455394,True,9.576672788114138e-12,4.999567085328671e-08,1.6948897285651299e-09,2.350667688277852e-09
DUAL3,gurobi,low_accuracy,0.03731394799251575,True,9.576672788114138e-12,4.999567085328671e-08,1.6948897285651299e-09,2.350667688277852e-09
DUAL3,highs,default,0.11845321899454575,True,4.440892098500626e-16,3.84410800413626e-09,1.6990036599828784e-09,3.1339787986972567e-09
DUAL3,highs,high_accuracy,0.11755852799979039,True,4.440892098500626e-16,3.84410800413626e-09,1.6990036599828784e-09,3.1339787986972567e-09
DUAL3,highs,low_accuracy,0.1206535149976844,True,4.440892098500626e-16,3.84410800413626e-09,1.6990036599828784e-09,3.1339787986972567e-09
DUAL3,osqp,default,0.007212762997369282,True,6.146292660025999e-09,2.2753850989487567e-07,2.1341679026264627e-07,3.792099967370177e-09
DUAL3,osqp,high_accuracy,0.011157874003401957,True,8.6237894736193e-10,1.0776879388885163e-11,1.3166539971309132e-10,3.2674782879382747e-09
DUAL3,osqp,low_accuracy,0.0071060490008676425,True,2.117207683580723e-06,2.2328950052830085e-07,8.624637568008103e-08,3.025277128254622e-07
DUAL3,proxqp,default,0.0022592400055145845,True,1.2821166145424415e-06,5.211230740544852e-08,6.763896919903858e-09,6.363936599917963e-10
DUAL3,proxqp,high_accuracy,0.0033403559937141836,True,1.6959132753873976e-10,5.907635491908536e-13,1.3997664138898358e-11,3.1479881201779136e-09
DUAL3,proxqp,low_accuracy,0.0028159840003354475,True,3.4803217786518805e-05,2.3625457996889754e-07,0.03267848877135845,8.416594075549844e-06
DUAL3,qpoases,default,0.05596165399765596,True,2.220446049250313e-16,2.7755575615628914e-15,5.551115123125783e-17,3.133978770941681e-09
DUAL3,qpoases,high_accuracy,0.09274071200343315,True,0.0,1.4710455076283324e-15,1.3877787807814457e-16,3.133978770941681e-09
DUAL3,qpoases,low_accuracy,0.008760033000726253,True,1.4432899320127035e-15,3.885780586188048e-15,2.1649348980190553e-15,3.1339770778515685e-09
DUAL3,qpswift,default,0.010679946004529484,True,1.1102230246251565e-16,2.2285884659782014e-15,1.5088819083075578e-10,3.0731719113941125e-09
DUAL3,qpswift,high_accuracy,0.010780883007100783,True,1.1102230246251565e-16,2.2285884659782014e-15,1.5088819083075578e-10,3.0731719113941125e-09
DUAL3,qpswift,low_accuracy,0.0069170959905022755,True,0.0,0.00014225572327880402,1.0443589795461339e-06,1.0482302508774133e-06
DUAL3,quadprog,default,0.004022659995825961,True,9.992007221626409e-16,1.9623191960249642e-14,8.326672684688674e-17,3.1339788819639836e-09
DUAL3,quadprog,high_accuracy,0.005219587008468807,True,9.992007221626409e-16,1.9623191960249642e-14,8.326672684688674e-17,3.1339788819639836e-09
DUAL3,quadprog,low_accuracy,0.004266080999514088,True,9.992007221626409e-16,1.9623191960249642e-14,8.326672684688674e-17,3.1339788819639836e-09
DUAL3,scs,default,0.010208947001956403,True,1.061760102372958e-06,2.386525200209766e-06,3.024359862790148e-07,1.6720214149335e-07
DUAL3,scs,high_accuracy,0.009745876988745295,True,1.1247809917254781e-11,2.695704770516727e-11,1.5896602203001422e-12,3.1356832130846612e-09
DUAL3,scs,low_accuracy,0.008423378007137217,True,1.061760102372958e-06,2.386525200209766e-06,3.024359862790148e-07,1.6720214149335e-07
DUAL4,clarabel,default,0.005244328000117093,True,3.3306690738754696e-16,4.667700731817272e-12,6.242558692193256e-10,1.931659054932311e-09
DUAL4,clarabel,high_accuracy,0.006383195999660529,True,3.3306690738754696e-16,4.667700731817272e-12,6.242558692193256e-10,1.931659054932311e-09
DUAL4,clarabel,low_accuracy,0.004697170996223576,True,3.3306690738754696e-16,2.3424052411277763e-15,0.00016575165203869258,8.995926169930168e-05
DUAL4,cvxopt,default,0.0061128469969844446,True,2.220446049250313e-16,1.6646225933378584e-15,3.078891080976476e-07,9.770818942822501e-08
DUAL4,cvxopt,high_accuracy,0.014443293999647722,True,2.220446049250313e-16,1.6646225933378584e-15,3.078891080976476e-07,9.770818942822501e-08
DUAL4,cvxopt,low_accuracy,0.0070029579947004095,True,2.220446049250313e-16,1.6646225933378584e-15,3.078891080976476e-07,9.770818942822501e-08
DUAL4,daqp,default,0.0003941000031773001,True,4.440892098500626e-16,4.440892098500626e-15,2.220446049250313e-16,1.802102467252098e-09
DUAL4,daqp,high_accuracy,0.00036599500162992626,True,4.440892098500626e-16,4.440892098500626e-15,2.220446049250313e-16,1.802102467252098e-09
DUAL4,daqp,low_accuracy,0.00037606699333991855,True,0.0009921192660693866,5.218048215738236e-15,7.771561172376096e-16,0.00013994294070862612
DUAL4,ecos,default,0.013436530003673397,True,4.440892098500626e-15,6.714295480711326e-06,4.166935285709883e-08,1.866415688667189e-09
DUAL4,ecos,high_accuracy,0.014280552000855096,True,4.440892098500626e-15,6.714295480711326e-06,4.166935285709883e-08,1.866415688667189e-09
DUAL4,ecos,low_accuracy,0.013423737007542513,True,4.440892098500626e-15,6.714295480711326e-06,4.166935285709883e-08,1.866415688667189e-09
DUAL4,gurobi,default,0.03802776300290134,True,4.836131495267182e-13,7.3722820070898365e-09,1.4635477385560591e-08,2.9431980186345186e-09
DUAL4,gurobi,high_accuracy,0.007950621002237312,True,4.836131495267182e-13,7.3722820070898365e-09,1.4635477385560591e-08,2.9431980186345186e-09
DUAL4,gurobi,low_accuracy,0.009574116993462667,True,4.836131495267182e-13,7.3722820070898365e-09,1.4635477385560591e-08,2.9431980186345186e-09
DUAL4,highs,default,0.022256192998611368,True,0.0,4.161916700162749e-09,2.081014915944479e-09,1.8021019121405857e-09
DUAL4,highs,high_accuracy,0.023479190000216477,True,0.0,4.161916700162749e-09,2.081014915944479e-09,1.8021019121405857e-09
DUAL4,highs,low_accuracy,0.02373501900001429,True,0.0,4.161916700162749e-09,2.081014915944479e-09,1.8021019121405857e-09
DUAL4,osqp,default,0.00201220900635235,True,5.0362934686887086e-08,2.7668493784993586e-07,2.111747853234239e-07,1.257181192482193e-08
DUAL4,osqp,high_accuracy,0.0037365630123531446,True,3.0984150332345304e-10,3.855427088694796e-11,8.257272502691499e-11,1.7195100898703686e-09
DUAL4,osqp,low_accuracy,0.002139380987500772,True,4.8762909480469925e-06,2.439898170170096e-07,1.9898394474346186e-06,2.2209275002404993e-06
DUAL4,proxqp,default,0.0006029860087437555,True,8.560620556169794e-06,3.389149005883496e-08,0.0026369949210258013,1.7721380123236763e-05
DUAL4,proxqp,high_accuracy,0.0009096860012505203,True,1.427682050018302e-10,4.358180483166052e-13,1.8700807569160816e-10,1.6150412118776103e-09
DUAL4,proxqp,low_accuracy,0.0005560669960686937,True,0.00016055016358893165,8.034104281851029e-07,0.00032939637408602174,0.0003383805666725692
DUAL4,qpoases,default,0.010075885002152063,True,2.220446049250313e-16,1.3322676295501878e-15,4.440892098500626e-16,1.802102467252098e-09
DUAL4,qpoases,high_accuracy,0.025318272004369646,True,0.0,1.887379141862766e-15,0.0,1.8021021341851906e-09
DUAL4,qpoases,low_accuracy,0.0014719229948241264,True,5.505405159533794e-13,5.218048215738236e-15,1.9817480989559044e-13,1.8019029601745729e-09
DUAL4,qpswift,default,0.0014512620109599084,True,3.3306690738754696e-16,1.6477165492130707e-15,3.330067299689432e-08,6.126750995427699e-09
DUAL4,qpswift,high_accuracy,0.001489463000325486,True,3.3306690738754696e-16,1.6477165492130707e-15,3.330067299689432e-08,6.126750995427699e-09
DUAL4,qpswift,low_accuracy,0.0011281250044703484,True,2.220446049250313e-16,0.00012453595870382667,4.898419685928079e-05,3.1571331150614945e-05
DUAL4,quadprog,default,0.0007856099982745945,True,4.440892098500626e-16,1.8207657603852567e-14,5.551115123125783e-16,1.8021016900959808e-09
DUAL4,quadprog,high_accuracy,0.0008264229982160032,True,4.440892098500626e-16,1.8207657603852567e-14,5.551115123125783e-16,1.8021016900959808e-09
DUAL4,quadprog,low_accuracy,0.0007749350043013692,True,4.440892098500626e-16,1.8207657603852567e-14,5.551115123125783e-16,1.8021016900959808e-09
DUAL4,scs,default,0.0026350090047344565,True,7.499356007900331e-06,3.966758251217062e-05,4.465315813346041e-06,7.981237476251124e-06
DUAL4,scs,high_accuracy,0.002974066010210663,True,4.911500300928158e-11,3.2794211790587724e-11,7.0158515745816945e-12,1.7928720730253644e-09
DUAL4,scs,low_accuracy,0.002542977992561646,True,7.499356007900331e-06,3.966758251217062e-05,4.465315813346041e-06,7.981237476251124e-06
DUALC1,clarabel,default,0.003496602992527187,True,0.0,7.98438107663368e-05,3.9274884486562744e-05,3.6756182453245856e-05
DUALC1,clarabel,high_accuracy,0.0043726490112021565,True,2.220446049250313e-16,9.313225746154785e-10,3.582902456945466e-11,2.946269614767516e-05
DUALC1,clarabel,low_accuracy,0.003582150995498523,True,0.0,7.98438107663368e-05,3.9274884486562744e-05,3.6756182453245856e-05
DUALC1,cvxopt,default,0.0165715530019952,True,1.1102230246251565e-16,4.832400009036064e-07,0.0011628171951511021,5.827308268635534e-05
DUALC1,cvxopt,high_accuracy,0.013146048004273325,True,1.1102230246251565e-16,4.832400009036064e-07,0.0011628171951511021,5.827308268635534e-05
DUALC1,cvxopt,low_accuracy,0.011245957008213736,True,1.1102230246251565e-16,4.832400009036064e-07,0.0011628171951511021,5.827308268635534e-05
DUALC1,daqp,default,0.00024181700428016484,True,1.4135147241181264e-14,9.313225746154785e-10,2.1846062736585736e-09,2.946049971797038e-05
DUALC1,daqp,high_accuracy,0.000185109005542472,True,1.4135147241181264e-14,9.313225746154785e-10,2.1846062736585736e-09,2.946049971797038e-05
DUALC1,daqp,low_accuracy,0.00016682800196576864,True,1.4135147241181264e-14,9.313225746154785e-10,2.1846062736585736e-09,2.946049971797038e-05
DUALC1,ecos,default,0.006670053000561893,True,3.3168134905281477e-11,1.3247657055035233,0.11358439612924731,0.0004674923375205253
DUALC1,ecos,high_accuracy,0.006836826010840014,True,1.0505374348213081e-11,0.3102239132858813,0.02706611998170055,0.00016815501658129506
DUALC1,ecos,low_accuracy,0.003947454009903595,False,inf,inf,inf,
DUALC1,gurobi,default,0.004515477005043067,True,3.1086244689504383e-15,1.3969838619232178e-09,6.639311322942376e-10,2.9463119062711485e-05
DUALC1,gurobi,high_accuracy,0.006007912001223303,True,3.1086244689504383e-15,1.3969838619232178e-09,6.639311322942376e-10,2.9463119062711485e-05
DUALC1,gurobi,low_accuracy,0.004608574992744252,True,3.1086244689504383e-15,1.3969838619232178e-09,6.639311322942376e-10,2.9463119062711485e-05
DUALC1,highs,default,0.002811808997648768,True,1.1102230246251565e-16,5.3871190175414085e-08,4.1947714635170996e-08,2.9462684324244037e-05
DUALC1,highs,high_accuracy,0.0024470939970342442,True,1.1102230246251565e-16,5.3871190175414085e-08,4.1947714635170996e-08,2.9462684324244037e-05
DUALC1,highs,low_accuracy,0.002800439004204236,True,1.1102230246251565e-16,5.3871190175414085e-08,4.1947714635170996e-08,2.9462684324244037e-05
DUALC1,osqp,default,0.002133216999936849,True,3.2817127158133884e-05,911.42157331419,376.9019667255535,74.94261618759265
DUALC1,osqp,high_accuracy,0.02283284900477156,False,inf,inf,inf,
DUALC1,osqp,low_accuracy,0.00821997900493443,True,4.662660230085439e-10,0.0008315506947838003,0.0012944458940182813,0.0014975566227803938
DUALC1,proxqp,default,0.000671229005092755,True,1.3146716219427487e-07,7.607508450746536e-06,0.12224282667739317,0.12221340836640593
DUALC1,proxqp,high_accuracy,0.0008618959982413799,True,3.204434290041907e-18,1.7462298274040222e-10,7.275957614183426e-12,2.9462682505254634e-05
DUALC1,proxqp,low_accuracy,0.0008335530001204461,True,7.79675968711938e-11,5.587935447692871e-09,8.006207281141542e-05,5.059939212515019e-05
DUALC1,qpoases,default,0.0008089879993349314,True,3.531918934152517,50890936.9739216,3.637978807091713e-12,15703.784710181522
DUALC1,qpoases,high_accuracy,0.0008125589956762269,True,3.531918934152517,50890936.9739216,3.637978807091713e-12,15703.784710181522
DUALC1,qpoases,low_accuracy,0.003791830997215584,True,3.531918934149816,50890936.97392115,1.4963006833568215e-08,15703.784710166537
DUALC1,qpswift,default,0.0016434110002592206,True,6.811668536323663e-09,4.470348358154297e-08,0.04796344254464202,0.047992857397730404
DUALC1,qpswift,high_accuracy,0.0017843719979282469,True,1.902237008929229e-10,5.820766091346741e-11,0.0013343877344595967,0.0013638504206028301
DUALC1,qpswift,low_accuracy,0.0016310830105794594,True,1.6326125653332398e-08,4.494562745094299e-06,0.11831025631727243,0.11833503102388931
DUALC1,quadprog,default,0.00020197799312882125,True,0.0,7.159542292356491e-09,1.3878889149054885e-09,2.946282984339632e-05
DUALC1,quadprog,high_accuracy,0.00023399799829348922,True,0.0,7.159542292356491e-09,1.3878889149054885e-09,2.946282984339632e-05
DUALC1,quadprog,low_accuracy,0.00020838699128944427,True,0.0,7.159542292356491e-09,1.3878889149054885e-09,2.946282984339632e-05
DUALC1,scs,default,0.0032221040019067004,True,6.756089263512797e-07,0.014550868654623628,0.33076489541588505,0.33848725433199434
DUALC1,scs,high_accuracy,0.010075951999169774,True,1.887379141862766e-15,4.656612873077393e-10,3.4378899727016687e-10,2.9462800739565864e-05
DUALC1,scs,low_accuracy,0.0037668570003006607,True,2.8835931500464094e-12,2.8777867555618286e-07,4.216017259750515e-07,2.9071517019474413e-05
DUALC5,clarabel,default,0.0037373740051407367,True,1.1102230246251565e-16,2.190454362707033e-08,3.118718154837552e-07,3.0874531944391492e-06
DUALC5,clarabel,high_accuracy,0.0038367879897123203,True,3.3306690738754696e-16,4.7410055522921935e-12,3.154809746774845e-11,3.2235967637461727e-06
DUALC5,clarabel,low_accuracy,0.003993585996795446,True,6.661338147750939e-16,2.1817315403050922e-06,3.117996436685644e-05,1.0390131023996219e-05
DUALC5,cvxopt,default,0.00608398400072474,True,0.0,2.1680853024008684e-06,5.960964349607612e-07,2.8396374318617745e-06
DUALC5,cvxopt,high_accuracy,0.01388369699998293,True,0.0,2.1680762074538507e-08,5.960635226212438e-09,3.2197706332226517e-06
DUALC5,cvxopt,low_accuracy,0.006170416003442369,True,1.1102230246251565e-16,0.00021680852091776615,5.961034568018235e-05,3.5174015749817045e-05
DUALC5,daqp,default,0.0001870849955594167,True,7.549516567451064e-15,6.821210263296962e-13,3.637978807091713e-12,3.223613816771831e-06
DUALC5,daqp,high_accuracy,0.00022599499789066613,True,7.549516567451064e-15,6.821210263296962e-13,3.637978807091713e-12,3.223613816771831e-06
DUALC5,daqp,low_accuracy,0.00019247799355071038,True,7.549516567451064e-15,6.821210263296962e-13,3.637978807091713e-12,3.223613816771831e-06
DUALC5,ecos,default,0.005278620999888517,True,2.35054118480606e-11,0.007107770394298996,0.0009282759410211838,3.2591415219940245e-06
DUALC5,ecos,high_accuracy,0.004904412999167107,True,2.35054118480606e-11,0.007107770394298996,0.0009282759410211838,3.2591415219940245e-06
DUALC5,ecos,low_accuracy,0.005595637994701974,True,2.35054118480606e-11,0.007107770394298996,0.0009282759410211838,3.2591415219940245e-06
DUALC5,gurobi,default,0.004427196006872691,True,4.8960835385969403e-14,6.35997707831848e-08,2.1399159777502064e-08,3.2125120696946396e-06
DUALC5,gurobi,high_accuracy,0.006375361990649253,True,4.8960835385969403e-14,6.35997707831848e-08,2.1399159777502064e-08,3.2125120696946396e-06
DUALC5,gurobi,low_accuracy,0.024180609005270526,True,4.8960835385969403e-14,6.35997707831848e-08,2.1399159777502064e-08,3.2125120696946396e-06
DUALC5,highs,default,0.0026636050024535507,True,0.0,4.2164913338638144e-08,2.6967256872012513e-08,3.2236102356364427e-06
DUALC5,highs,high_accuracy,0.002411352004855871,True,0.0,4.2164913338638144e-08,2.6967256872012513e-08,3.2236102356364427e-06
DUALC5,highs,low_accuracy,0.002640493999933824,True,0.0,4.2164913338638144e-08,2.6967256872012513e-08,3.2236102356364427e-06
DUALC5,osqp,default,0.0019521099893609062,True,5.569116991993667e-05,0.01883619953832749,0.11333941506291012,0.09545855595331432
DUALC5,osqp,high_accuracy,0.0032562060077907518,True,4.6716770553350196e-14,4.4150283429189585e-10,6.66773303237278e-11,3.2237050504591025e-06
DUALC5,osqp,low_accuracy,0.0022570000000996515,True,2.99032017346628e-05,0.0003012083161593182,0.053030250068388796,0.05297637588540738
DUALC5,proxqp,default,0.0005475279904203489,True,3.4987205442174736e-06,7.82681553346265e-07,0.0034745673976885882,0.0034781683988285295
DUALC5,proxqp,high_accuracy,0.0006275019986787811,True,1.4790881754899496e-13,1.7621459846850485e-12,1.4637180356658064e-10,3.223756380066334e-06
DUALC5,proxqp,low_accuracy,0.0004896060127066448,True,4.1851277463164e-07,9.410646839569381e-08,0.00041392644430970904,0.00041715753957305424
DUALC5,qpoases,default,0.0014191869995556772,False,inf,inf,inf,
DUALC5,qpoases,high_accuracy,0.0012292119936319068,False,inf,inf,inf,
DUALC5,qpoases,low_accuracy,0.0035383249924052507,False,inf,inf,inf,
DUALC5,qpswift,default,0.0009674149914644659,True,1.0289976407941527e-11,1.9806407181022223e-08,5.6236274303955724e-08,3.2210313065661467e-06
DUALC5,qpswift,high_accuracy,0.0011708359961630777,True,2.2318312359463796e-13,1.978150976356119e-10,4.5133674575481564e-10,3.223695500764734e-06
DUALC5,qpswift,low_accuracy,0.0009248940041288733,True,2.232743989694086e-10,1.9806572311154014e-06,6.592575346076046e-06,1.99676736656329e-06
DUALC5,quadprog,default,0.00017479099915362895,True,3.3519342338664487e-17,9.72022462519817e-12,5.684341886080801e-13,3.2236103493232804e-06
DUALC5,quadprog,high_accuracy,0.00020790199050679803,True,3.3519342338664487e-17,9.72022462519817e-12,5.684341886080801e-13,3.2236103493232804e-06
DUALC5,quadprog,low_accuracy,0.00032271900272462517,True,3.3519342338664487e-17,9.72022462519817e-12,5.684341886080801e-13,3.2236103493232804e-06
DUALC5,scs,default,0.0026108270103577524,True,5.0417417407453364e-05,0.038539114181190826,0.013667824478886814,0.049606524902458204
DUALC5,scs,high_accuracy,0.006107659995905124,True,4.5773507085707677e-14,3.183231456205249e-12,5.6843418860808015e-12,3.223614214675763e-06
DUALC5,scs,low_accuracy,0.002846168994437903,True,1.729756190309869e-07,0.00013258806993121652,4.703228717062302e-05,0.00017365810930414227
HS118,clarabel,default,0.0016923499933909625,True,0.0,2.4844466915460857e-09,1.1687447017376431e-07,2.987098923767917e-07
HS118,clarabel,high_accuracy,0.0020939579990226775,True,0.0,2.4868995751603507e-13,1.1750109917552679e-11,2.9672264645341784e-11
HS118,clarabel,low_accuracy,0.0015725909906905144,True,0.0,2.4831558243018236e-07,1.167637934750797e-05,2.9862883138775942e-05
HS118,cvxopt,default,0.004752691995236091,True,0.0,1.9687439378858634e-13,0.00023458764319755847,9.47129740325181e-05
HS118,cvxopt,high_accuracy,0.0050323269970249385,True,0.0,1.9687439378858634e-13,0.00023458764319755847,9.47129740325181e-05
HS118,cvxopt,low_accuracy,0.005018431998905726,True,0.0,1.9687439378858634e-13,0.00023458764319755847,9.47129740325181e-05
HS118,daqp,default,0.0001906789984786883,True,4.036770917537069e-12,4.440892098500626e-16,2.998135073539743e-11,3.001332515850663e-11
HS118,daqp,high_accuracy,0.00029725600325036794,True,4.036770917537069e-12,4.440892098500626e-16,2.998135073539743e-11,3.001332515850663e-11
HS118,daqp,low_accuracy,0.00017934199422597885,True,4.036770917537069e-12,4.440892098500626e-16,2.998135073539743e-11,3.001332515850663e-11
HS118,ecos,default,0.0010961410007439554,True,0.0,1.0255076091059116e-07,1.9649755909343306e-05,5.057272574049421e-07
HS118,ecos,high_accuracy,0.0007708689954597503,True,0.0,1.0255076091059116e-07,1.9649755909343306e-05,5.057272574049421e-07
HS118,ecos,low_accuracy,0.0008916509978007525,True,0.0,1.0255076091059116e-07,1.9649755909343306e-05,5.057272574049421e-07
HS118,gurobi,default,0.003696626008604653,True,0.0,4.601999999384745,1283.5940002095476,6.26559994998388e-08
HS118,gurobi,high_accuracy,0.00441843100998085,True,0.0,4.601999999384745,1283.5940002095476,6.26559994998388e-08
HS118,gurobi,low_accuracy,0.0035808349930448458,True,0.0,4.601999999384745,1283.5940002095476,6.26559994998388e-08
HS118,highs,default,0.001170196002931334,True,0.0,7.69999999983284e-06,0.002094800000083552,1.1368683772161603e-13
HS118,highs,high_accuracy,0.0009599059994798154,True,0.0,7.69999999983284e-06,0.002094800000083552,1.1368683772161603e-13
HS118,highs,low_accuracy,0.0010241090058116242,True,0.0,7.69999999983284e-06,0.002094800000083552,1.1368683772161603e-13
HS118,osqp,default,0.001251722002052702,True,0.028173440081175727,0.002979094709329555,0.11040440627599256,0.1207314192170088
HS118,osqp,high_accuracy,0.0017020660015987232,True,2.906404006353114e-10,7.30571159124338e-11,2.8610537836899915e-09,3.940385795431212e-09
HS118,osqp,low_accuracy,0.00135178399796132,True,0.0008859638433014183,0.00024035266484778717,0.02578275047207799,0.002004994632443413
HS118,proxqp,default,0.0006842069997219369,True,4.553088563952201e-07,3.4897675860179334e-09,1.5474425154593519e-06,2.057311576209031e-06
HS118,proxqp,high_accuracy,0.0005681750044459477,True,2.0605739337042905e-13,1.3322676295501878e-15,7.602807272633072e-13,7.958078640513122e-13
HS118,proxqp,low_accuracy,0.0005989390047034249,True,0.0005612082874222324,6.032922832034793e-06,0.0006736064119292803,0.0008649474063986418
HS118,qpoases,default,0.0007066429971018806,False,inf,inf,inf,
HS118,qpoases,high_accuracy,0.0006988210079725832,False,inf,inf,inf,
HS118,qpoases,low_accuracy,0.0009059669973794371,False,inf,inf,inf,
HS118,qpswift,default,0.00028463700436986983,True,0.0,1.2200539675336417e-09,2.1510949809385557e-06,8.551832024750183e-07
HS118,qpswift,high_accuracy,0.0002518359979148954,True,0.0,1.2200166626570159e-11,2.1519345227041464e-08,8.551751307095401e-09
HS118,qpswift,low_accuracy,0.00023290100216399878,True,0.0,1.2200539675336417e-09,2.1510949809385557e-06,8.551832024750183e-07
HS118,quadprog,default,0.00031357900297734886,True,1.2058310082691648e-15,8.881784197001252e-16,5.808331593470939e-11,5.7980287238024175e-11
HS118,quadprog,high_accuracy,0.0002607849892228842,True,1.2058310082691648e-15,8.881784197001252e-16,5.808331593470939e-11,5.7980287238024175e-11
HS118,quadprog,low_accuracy,0.00023515999782830477,True,1.2058310082691648e-15,8.881784197001252e-16,5.808331593470939e-11,5.7980287238024175e-11
HS118,scs,default,0.008122685991111211,True,0.00018561880942513653,3.386107709646424e-05,0.0005292128010705962,0.0004134866380809399
HS118,scs,high_accuracy,0.009462176007218659,True,5.498348443211398e-10,2.9840117455464167e-11,9.469036148026132e-10,1.6386820789193735e-09
HS118,scs,low_accuracy,0.0035246729967184365,True,0.00018561880942513653,3.386107709646424e-05,0.0005292128010705962,0.0004134866380809399
HS21,clarabel,default,0.0015716560010332614,True,0.0,4.0679265511656126e-13,3.3769243651393666e-09,8.668195050631766e-10
HS21,clarabel,high_accuracy,0.0022493330034194514,True,0.0,6.224187831804784e-15,3.3773484009458343e-11,8.668621376273222e-12
HS21,clarabel,low_accuracy,0.001567006009281613,True,0.0,1.9223019009917408e-11,3.376501556268119e-07,8.668267525990814e-08
HS21,cvxopt,default,0.0013964109966764227,True,0.0,1.245413855377464e-09,9.907786349027408e-11,5.367439825931797e-11
HS21,cvxopt,high_accuracy,0.001994576014112681,True,0.0,1.2454128006655907e-11,9.907665612272145e-13,5.258016244624741e-13
HS21,cvxopt,low_accuracy,0.0013960049982415512,True,0.0,1.245413855377464e-09,9.907786349027408e-11,5.367439825931797e-11
HS21,daqp,default,0.00015181099297478795,True,0.0,0.0,0.0,0.0
HS21,daqp,high_accuracy,0.00016174699703697115,True,0.0,0.0,0.0,0.0
HS21,daqp,low_accuracy,0.00013320001016836613,True,0.0,0.0,0.0,0.0
HS21,ecos,default,0.0005761810025433078,True,0.0,9.524944580820475e-06,1.0279969929834413e-06,3.100524281762773e-10
HS21,ecos,high_accuracy,0.0006596510065719485,True,0.0,9.524944580820475e-06,1.0279969929834413e-06,3.100524281762773e-10
HS21,ecos,low_accuracy,0.0005780889914603904,True,0.0,9.524944580820475e-06,1.0279969929834413e-06,3.100524281762773e-10
HS21,gurobi,default,0.02428549299656879,True,0.0,6.13514709868479e-09,9.271982528979983e-09,6.924949502717936e-11
HS21,gurobi,high_accuracy,0.004522472008829936,True,0.0,6.13514709868479e-09,9.271982528979983e-09,6.924949502717936e-11
HS21,gurobi,low_accuracy,0.0033185439970111474,True,0.0,6.13514709868479e-09,9.271982528979983e-09,6.924949502717936e-11
HS21,highs,default,0.0007711679936619475,True,0.0,1.9999999999881224e-07,3.999999999976245e-07,0.0
HS21,highs,high_accuracy,0.0006814129883423448,True,0.0,1.9999999999881224e-07,3.999999999976245e-07,0.0
HS21,highs,low_accuracy,0.0008386770059587434,True,0.0,1.9999999999881224e-07,3.999999999976245e-07,0.0
HS21,osqp,default,0.0008565800089854747,True,0.00010554225913139703,7.723176476563676e-06,1.1224885691760167e-05,4.221578819851857e-06
HS21,osqp,high_accuracy,0.0008227439975598827,True,0.0,5.4306295571571184e-11,1.0023698537864334e-10,8.37019342725398e-12
HS21,osqp,low_accuracy,0.0010361860040575266,True,0.00010554225913139703,7.723176476563676e-06,1.1224885691760167e-05,4.221578819851857e-06
HS21,proxqp,default,0.00020172000222373754,True,0.0,4.0385453245472824e-09,3.268094794783849e-09,4.808995868188504e-09
HS21,proxqp,high_accuracy,0.00022935699962545186,True,0.0,1.2016082573396147e-12,5.003664149683118e-12,2.6005864128819667e-12
HS21,proxqp,low_accuracy,0.00026979600079357624,True,0.0004037343076179756,1.999596265149506e-05,5.6138041975475894e-05,1.6147742300631762e-05
HS21,qpoases,default,0.0003553549904609099,True,0.0,1.1102230246251565e-16,6.938893903907228e-17,0.0
HS21,qpoases,high_accuracy,0.00029116900986991823,True,0.0,1.1102230246251565e-16,6.938893903907228e-17,0.0
HS21,qpoases,low_accuracy,0.00040378200355917215,True,0.0,2.5587171270657905e-17,1.3877787807814457e-17,0.0
HS21,qpswift,default,0.00016922900977078825,True,0.0,1.2316170944215443e-08,7.3063127842652064e-09,1.4529177860822529e-09
HS21,qpswift,high_accuracy,0.00019748198974411935,True,0.0,1.2316170999726594e-10,7.306314338577288e-11,1.4523493518936448e-11
HS21,qpswift,low_accuracy,0.00016283000877592713,True,0.0,1.2316170951848227e-06,7.30631020065153e-07,1.4529294389831193e-07
HS21,quadprog,default,0.00011671399988699704,True,0.0,6.938893903907228e-18,1.3877787807814457e-17,0.0
HS21,quadprog,high_accuracy,0.00015364900173153728,True,0.0,6.938893903907228e-18,1.3877787807814457e-17,0.0
HS21,quadprog,low_accuracy,0.00018589400860946625,True,0.0,6.938893903907228e-18,1.3877787807814457e-17,0.0
HS21,scs,default,0.000992571993265301,True,0.0,2.3089466356110422e-05,8.429266736086072e-05,3.8104664170646174e-05
HS21,scs,high_accuracy,0.0011255660065216944,True,4.884981308350689e-15,2.7755575615628914e-17,1.3877787807814457e-16,0.0
HS21,scs,low_accuracy,0.0013088480045553297,True,0.0,2.3089466356110422e-05,8.429266736086072e-05,3.8104664170646174e-05
HS268,clarabel,default,0.0016778629942564294,True,0.0,1.050218257996581e-08,2.9168012319820066e-05,8.677465425139052e-06
HS268,clarabel,high_accuracy,0.0016063479997683316,True,0.0,8.256491529413617e-11,1.2008493442918874e-10,5.730979550529823e-07
HS268,clarabel,low_accuracy,0.0016214289935305715,True,0.0,1.6075528165484382e-07,0.0008206209276317086,0.00023891634203624981
HS268,cvxopt,default,0.005062594995251857,True,0.0,4.214502011280018e-12,0.006534371931195701,0.0022561968400028167
HS268,cvxopt,high_accuracy,0.005922512005781755,True,0.0,4.214502011280018e-12,0.006534371931195701,0.0022561968400028167
HS268,cvxopt,low_accuracy,0.005614756009890698,True,0.0,4.214502011280018e-12,0.006534371931195701,0.0022561968400028167
HS268,daqp,default,0.00010978699719998986,True,0.0,7.275957614183426e-12,2.546585164964199e-11,5.731179639364213e-07
HS268,daqp,high_accuracy,0.00016970100114122033,True,0.0,7.275957614183426e-12,2.546585164964199e-11,5.731179639364213e-07
HS268,daqp,low_accuracy,0.0001705960021354258,True,0.0,7.275957614183426e-12,2.546585164964199e-11,5.731179639364213e-07
HS268,ecos,default,0.0007443189970217645,False,inf,inf,inf,
HS268,ecos,high_accuracy,0.00074338199920021,False,inf,inf,inf,
HS268,ecos,low_accuracy,0.0005903010023757815,False,inf,inf,inf,
HS268,gurobi,default,0.020891345004201867,True,0.0,5.746892812240689e-05,0.0003448022619591209,5.66322219524774e-07
HS268,gurobi,high_accuracy,0.024989552999613807,True,0.0,5.746892812240689e-05,0.0003448022619591209,5.66322219524774e-07
HS268,gurobi,low_accuracy,0.0036568140058079734,True,0.0,5.746892812240689e-05,0.0003448022619591209,5.66322219524774e-07
HS268,highs,default,0.0009825390006881207,True,0.0,4.0003496337703837e-07,3.100023604929447e-06,5.731106879788071e-07
HS268,highs,high_accuracy,0.0009435870015295222,True,0.0,4.0003496337703837e-07,3.100023604929447e-06,5.731106879788071e-07
HS268,highs,low_accuracy,0.0008908890013117343,True,0.0,4.0003496337703837e-07,3.100023604929447e-06,5.731106879788071e-07
HS268,osqp,default,0.0011826629925053567,True,0.0,0.5200305248944422,0.5003772646921154,0.42859003582283056
HS268,osqp,high_accuracy,0.0011837420024676248,True,0.0,3.346940470872426e-10,1.9026629228238307e-09,5.730979550529823e-07
HS268,osqp,low_accuracy,0.001205450011184439,True,0.0,0.0007924757082946567,0.004618097907950876,5.348602039307115e-06
HS268,proxqp,default,0.00021319199004210532,True,0.0,1.3442258932627738e-06,3.956000000471249e-06,5.731306968622461e-07
HS268,proxqp,high_accuracy,0.0002801950031425804,True,0.0,1.4551915228366852e-11,4.001776687800884e-11,5.731106879788071e-07
HS268,proxqp,low_accuracy,0.00020752901036757976,True,0.0,0.0002965310704894364,0.0008724045983399265,4.3991882688296886e-07
HS268,qpoases,default,0.0006856039981357753,True,3.7260861063259654e-11,3.637978807091713e-12,1.4551915228366852e-11,5.731034120211929e-07
HS268,qpoases,high_accuracy,0.0009413980005774647,True,0.0,2.9103830456733704e-11,3.637978807091713e-11,5.731125069682107e-07
HS268,qpoases,low_accuracy,0.0005020380049245432,True,0.0,7.275957614183426e-12,1.4551915228366852e-11,5.731197829258248e-07
HS268,qpswift,default,0.000261875000433065,False,inf,inf,inf,
HS268,qpswift,high_accuracy,0.0002691080007934943,False,inf,inf,inf,
HS268,qpswift,low_accuracy,0.0003492840041872114,False,inf,inf,inf,
HS268,quadprog,default,0.0001912869920488447,True,0.0,7.275957614183426e-12,2.1827872842550278e-11,5.731234209046319e-07
HS268,quadprog,high_accuracy,0.00012061400047969073,True,0.0,7.275957614183426e-12,2.1827872842550278e-11,5.731234209046319e-07
HS268,quadprog,low_accuracy,0.0001418610045220703,True,0.0,7.275957614183426e-12,2.1827872842550278e-11,5.731234209046319e-07
HS268,scs,default,0.0029145329899620265,True,0.0,0.3337330416535505,0.23293948921127594,0.09704956875078512
HS268,scs,high_accuracy,0.0055348769965348765,True,0.0,1.5279510989785194e-10,6.511982064694166e-10,5.731216019152284e-07
HS268,scs,low_accuracy,0.001580191994435154,True,0.0,9.930302621796807e-05,0.0003842579462797994,5.441705665683925e-07
HS35,clarabel,default,0.0020462019892875105,True,0.0,2.0251309889875637e-11,9.112833820879018e-09,6.815225231382449e-09
HS35,clarabel,high_accuracy,0.0017234830011148006,True,0.0,2.0455330966021087e-13,9.112555154899837e-11,1.1681513117922648e-09
HS35,clarabel,low_accuracy,0.0016790299996500835,True,0.0,2.018886603058497e-09,9.111684199369918e-07,5.714508523740891e-07
HS35,cvxopt,default,0.0024672489962540567,True,0.0,6.720175438547387e-16,9.682578205882919e-08,4.706037466661872e-08
HS35,cvxopt,high_accuracy,0.0030319090001285076,True,0.0,6.720175438547387e-16,9.682578205882919e-08,4.706037466661872e-08
HS35,cvxopt,low_accuracy,0.0024945980112534016,True,0.0,6.720175438547387e-16,9.682578205882919e-08,4.706037466661872e-08
HS35,daqp,default,0.00016235500515904278,True,4.440892098500626e-16,1.27675647831893e-15,3.774758283725532e-15,1.1111124936791228e-09
HS35,daqp,high_accuracy,0.00011039499077014625,True,4.440892098500626e-16,1.27675647831893e-15,3.774758283725532e-15,1.1111124936791228e-09
HS35,daqp,low_accuracy,0.00010625598952174187,True,4.440892098500626e-16,1.27675647831893e-15,3.774758283725532e-15,1.1111124936791228e-09
HS35,ecos,default,0.0006651949952356517,False,inf,inf,inf,
HS35,ecos,high_accuracy,0.00055250599689316,False,inf,inf,inf,
HS35,ecos,low_accuracy,0.0006270960002439097,False,inf,inf,inf,
HS35,gurobi,default,0.022868812011438422,True,0.0,0.8888888884370447,1.3333333321217844,1.1171059216552592e-09
HS35,gurobi,high_accuracy,0.0035093640035483986,True,0.0,0.8888888884370447,1.3333333321217844,1.1171059216552592e-09
HS35,gurobi,low_accuracy,0.0038544279959751293,True,0.0,0.8888888884370447,1.3333333321217844,1.1171059216552592e-09
HS35,highs,default,0.0007890979904914275,True,0.0,1.3333332882226046e-07,2.5802468384128474e-07,1.1111124936791228e-09
HS35,highs,high_accuracy,0.0007052639994071797,True,0.0,1.3333332882226046e-07,2.5802468384128474e-07,1.1111124936791228e-09
HS35,highs,low_accuracy,0.0007394279964501038,True,0.0,1.3333332882226046e-07,2.5802468384128474e-07,1.1111124936791228e-09
HS35,osqp,default,0.00104615101008676,True,8.879634400660308e-06,1.2444852260373729e-06,3.5956396415848246e-07,1.9721318289950274e-06
HS35,osqp,high_accuracy,0.0012352530029602349,True,0.0,1.7898349469192e-11,1.7690293674377244e-12,1.1302918184741273e-09
HS35,osqp,low_accuracy,0.0010690429917303845,True,8.879634400660308e-06,1.2444852260373729e-06,3.5956396415848246e-07,1.9721318289950274e-06
HS35,proxqp,default,0.0002094180090352893,True,3.277719850203198e-06,9.834993930368796e-11,7.284235121751692e-07,7.272698821364498e-07
HS35,proxqp,high_accuracy,0.00026989399339072406,True,2.524691566918591e-10,6.5503158452884236e-15,5.6105564638642136e-11,1.0550080392635053e-09
HS35,proxqp,low_accuracy,0.00019086401152890176,True,7.703582218709926e-05,2.3115254432770627e-09,1.711878023946678e-05,1.7117301095256887e-05
HS35,qpoases,default,0.0004808950034203008,True,8.881784197001252e-16,4.440892098500626e-16,2.220446049250313e-15,1.111108940965444e-09
HS35,qpoases,high_accuracy,0.0002855829952750355,True,4.440892098500626e-16,5.828670879282072e-16,1.7763568394002505e-15,1.111108940965444e-09
HS35,qpoases,low_accuracy,0.00037314499786589295,True,0.0,0.0,2.113864638886298e-13,1.111322103786172e-09
HS35,qpswift,default,0.00017606999608688056,False,inf,inf,inf,
HS35,qpswift,high_accuracy,0.00023292700643651187,False,inf,inf,inf,
HS35,qpswift,low_accuracy,0.00015085899212863296,False,inf,inf,inf,
HS35,quadprog,default,0.00012733200856018811,True,0.0,8.326672684688674e-16,6.661338147750939e-16,1.1111107173222834e-09
HS35,quadprog,high_accuracy,0.00019108099513687193,True,0.0,8.326672684688674e-16,6.661338147750939e-16,1.1111107173222834e-09
HS35,quadprog,low_accuracy,0.00011536300007719547,True,0.0,8.326672684688674e-16,6.661338147750939e-16,1.1111107173222834e-09
HS35,scs,default,0.0011568139889277518,True,0.00017377307657540086,5.656614822352468e-06,4.100303285581308e-05,3.861175441648157e-05
HS35,scs,high_accuracy,0.0012352819903753698,True,7.87281351222191e-12,2.547684285758578e-13,1.8611778784816124e-12,1.1093574531217953e-09
HS35,scs,low_accuracy,0.0013770479999948293,True,0.00017377307657540086,5.656614822352468e-06,4.100303285581308e-05,3.861175441648157e-05
HS35MOD,clarabel,default,0.001646946999244392,True,1.4133139103478243e-13,2.7112790613182932e-11,3.192497710635678e-08,1.2116744940726676e-08
HS35MOD,clarabel,high_accuracy,0.001860670992755331,True,1.3766765505351941e-14,2.629890547956319e-12,2.8376878624669644e-10,1.1024070545317954e-10
HS35MOD,clarabel,low_accuracy,0.00153338500240352,True,1.0136336214827679e-13,8.911760218666132e-13,1.7848364747274914e-05,6.676272136019179e-06
HS35MOD,cvxopt,default,0.0026971869956469163,True,0.0,1.202645353304277e-07,3.984145667268457e-07,1.6467606300807347e-07
HS35MOD,cvxopt,high_accuracy,0.0038990379980532452,True,0.0,6.009616693170017e-09,9.76267472418968e-09,3.2899389879048613e-09
HS35MOD,cvxopt,low_accuracy,0.0026530070026637986,True,0.0,2.233469944212807e-06,1.2792400556627115e-06,1.1650423221709616e-06
HS35MOD,daqp,default,0.00012810500629711896,True,1.1102230246251565e-16,1.7763568394002505e-15,1.7763568394002505e-15,2.2009061240169103e-12
HS35MOD,daqp,high_accuracy,0.00013589799345936626,True,1.1102230246251565e-16,1.7763568394002505e-15,1.7763568394002505e-15,2.2009061240169103e-12
HS35MOD,daqp,low_accuracy,0.00012791100016329437,True,1.1102230246251565e-16,1.7763568394002505e-15,1.7763568394002505e-15,2.2009061240169103e-12
HS35MOD,ecos,default,0.0005556069954764098,False,inf,inf,inf,
HS35MOD,ecos,high_accuracy,0.0005930910119786859,False,inf,inf,inf,
HS35MOD,ecos,low_accuracy,0.0006002070003887638,False,inf,inf,inf,
HS35MOD,gurobi,default,0.022666240998660214,True,0.0,0.00021309215507202755,0.00031963136569213013,3.549704530314557e-09
HS35MOD,gurobi,high_accuracy,0.0042245310032740235,True,0.0,0.00021309215507202755,0.00031963136569213013,3.549704530314557e-09
HS35MOD,gurobi,low_accuracy,0.003521933002048172,True,0.0,0.00021309215507202755,0.00031963136569213013,3.549704530314557e-09
HS35MOD,highs,default,0.0008500109979650006,True,0.0,1.4999999553566568e-07,2.7499998678237603e-07,2.206235194535111e-12
HS35MOD,highs,high_accuracy,0.0007717340049566701,True,0.0,1.4999999553566568e-07,2.7499998678237603e-07,2.206235194535111e-12
HS35MOD,highs,low_accuracy,0.0008067599992500618,True,0.0,1.4999999553566568e-07,2.7499998678237603e-07,2.206235194535111e-12
HS35MOD,osqp,default,0.0011731160047929734,True,0.00013621705919136806,0.0026174007169731395,0.0015488114696430855,0.00013625283405716004
HS35MOD,osqp,high_accuracy,0.0010941080108750612,True,2.6645352591003757e-15,6.306066779870889e-14,2.4868995751603507e-14,2.2026824808563106e-12
HS35MOD,osqp,low_accuracy,0.0011999979906249791,True,6.93985202637748e-10,7.301891868927157e-09,4.965671596135479e-09,6.917844075360335e-10
HS35MOD,proxqp,default,0.00020969699835404754,True,4.901288248038149e-06,1.9270995910147803e-10,4.90128796792888e-06,4.9012528311465076e-06
HS35MOD,proxqp,high_accuracy,0.00024706100521143526,True,6.20432594189424e-11,2.2841182118774314e-15,6.204348146354732e-11,6.204281532973255e-11
HS35MOD,proxqp,low_accuracy,0.0002938599936896935,True,2.6035462825202416e-05,1.2994874065697104e-09,2.6031503257806232e-05,2.6033140505532515e-05
HS35MOD,qpoases,default,0.0003728640003828332,True,0.0,4.440892098500626e-16,2.220446049250313e-16,0.0
HS35MOD,qpoases,high_accuracy,0.00025969999842345715,True,0.0,4.440892098500626e-16,2.220446049250313e-16,0.0
HS35MOD,qpoases,low_accuracy,0.00025567600096110255,True,4.440892098500626e-16,2.403410803708539e-12,4.405364961712621e-12,2.2009061240169103e-12
HS35MOD,qpswift,default,0.00016102100198622793,False,inf,inf,inf,
HS35MOD,qpswift,high_accuracy,0.00014928801101632416,False,inf,inf,inf,
HS35MOD,qpswift,low_accuracy,0.00015379099932033569,False,inf,inf,inf,
HS35MOD,quadprog,default,0.00012172698916401714,True,0.0,4.440892098500626e-16,1.887379141862766e-15,2.2009061240169103e-12
HS35MOD,quadprog,high_accuracy,0.00012677100312430412,True,0.0,4.440892098500626e-16,1.887379141862766e-15,2.2009061240169103e-12
HS35MOD,quadprog,low_accuracy,0.0001289919891860336,True,0.0,4.440892098500626e-16,1.887379141862766e-15,2.2009061240169103e-12
HS35MOD,scs,default,0.001209055000799708,True,1.7000951679779774e-07,3.182353491837375e-07,5.603400448084273e-07,1.7000958507651376e-07
HS35MOD,scs,high_accuracy,0.0012837489921366796,True,3.9968028886505635e-14,2.7656575090836624e-12,3.798628078754973e-12,4.263256414560601e-14
HS35MOD,scs,low_accuracy,0.001628251004149206,True,1.7000951679779774e-07,3.182353491837375e-07,5.603400448084273e-07,1.7000958507651376e-07
HS76,clarabel,default,0.001555159004055895,True,0.0,4.612707993345566e-10,1.0927391880244386e-08,2.2108544328602875e-08
HS76,clarabel,high_accuracy,0.001660665002418682,True,0.0,4.6127546227126e-12,1.0927303506491626e-10,1.8221085973380013e-08
HS76,clarabel,low_accuracy,0.0024235629971371964,True,0.0,4.612766502098964e-08,1.0926936124810993e-06,4.108366837840549e-07
HS76,cvxopt,default,0.0027416640077717602,True,0.0,6.174080724307229e-17,1.473191524770101e-06,3.758847579860003e-07
HS76,cvxopt,high_accuracy,0.0033937319967662916,True,0.0,6.174080724307229e-17,1.473191524770101e-06,3.758847579860003e-07
HS76,cvxopt,low_accuracy,0.002786845012451522,True,0.0,6.174080724307229e-17,1.473191524770101e-06,3.758847579860003e-07
HS76,daqp,default,0.000211880003917031,True,0.0,2.220446049250313e-16,8.881784197001252e-16,1.818181871726665e-08
HS76,daqp,high_accuracy,0.00013676298840437084,True,0.0,2.220446049250313e-16,8.881784197001252e-16,1.818181871726665e-08
HS76,daqp,low_accuracy,0.00016939800116233528,True,0.0,2.220446049250313e-16,8.881784197001252e-16,1.818181871726665e-08
HS76,ecos,default,0.0007775080011924729,False,inf,inf,inf,
HS76,ecos,high_accuracy,0.0007214500074042007,False,inf,inf,inf,
HS76,ecos,low_accuracy,0.0006195080059114844,False,inf,inf,inf,
HS76,gurobi,default,0.0038077280041761696,True,0.0,1.818181820051,4.545454549354787,1.8757503994493163e-08
HS76,gurobi,high_accuracy,0.0034442530013620853,True,0.0,1.818181820051,4.545454549354787,1.8757503994493163e-08
HS76,gurobi,low_accuracy,0.004785775003256276,True,0.0,1.818181820051,4.545454549354787,1.8757503994493163e-08
HS76,highs,default,0.0008374789904337376,True,0.0,2.0909090592269308e-07,4.74380157378107e-07,1.818182049362349e-08
HS76,highs,high_accuracy,0.0009268610010622069,True,0.0,2.0909090592269308e-07,4.74380157378107e-07,1.818182049362349e-08
HS76,highs,low_accuracy,0.0008135069947456941,True,0.0,2.0909090592269308e-07,4.74380157378107e-07,1.818182049362349e-08
HS76,osqp,default,0.0010635039943736047,True,0.00013455203799050963,0.000482816046021739,0.0001889659950835565,0.00024215271128902316
HS76,osqp,high_accuracy,0.0013858960010111332,True,3.540812087976519e-10,1.1352746520643109e-10,6.160614240968698e-10,1.885682099356245e-08
HS76,osqp,low_accuracy,0.0010477399919182062,True,0.00013455203799050963,0.000482816046021739,0.0001889659950835565,0.00024215271128902316
HS76,proxqp,default,0.00021393400675151497,True,4.868345415687259e-07,2.787947650517708e-11,1.2296638818298788e-07,1.0480632273157653e-07
HS76,proxqp,high_accuracy,0.00023468199651688337,True,5.685478754458018e-10,1.1213252548714081e-14,3.256293013009781e-10,1.7856162770613082e-08
HS76,proxqp,low_accuracy,0.00020210100046824664,True,0.0008180615849830986,2.2435925117747502e-07,0.0007573199366106564,0.0007571789260358841
HS76,qpoases,default,0.00029698500293307006,True,0.1203319502074689,0.91701244813278,8.881784197001252e-16,1.2248679925311214
HS76,qpoases,high_accuracy,0.00029929600714240223,True,0.1203319502074689,0.91701244813278,8.881784197001252e-16,1.2248679925311214
HS76,qpoases,low_accuracy,0.0002949170011561364,True,0.12033195020736742,0.9170124481325979,2.5934809855243657e-13,1.224867992530859
HS76,qpswift,default,0.00020496800425462425,False,inf,inf,inf,
HS76,qpswift,high_accuracy,0.00022811000235378742,False,inf,inf,inf,
HS76,qpswift,low_accuracy,0.0002796439948724583,False,inf,inf,inf,
HS76,quadprog,default,0.00018331700994167477,True,0.0,1.5543122344752192e-15,8.881784197001252e-16,1.8181816940909812e-08
HS76,quadprog,high_accuracy,0.00015113000699784607,True,0.0,1.5543122344752192e-15,8.881784197001252e-16,1.8181816940909812e-08
HS76,quadprog,low_accuracy,0.0002022380067501217,True,0.0,1.5543122344752192e-15,8.881784197001252e-16,1.8181816940909812e-08
HS76,scs,default,0.0012139080063207075,True,1.2434737506339388e-07,2.614684191836343e-09,3.05392617860889e-08,1.8327645179283536e-08
HS76,scs,high_accuracy,0.0011717080051312223,True,3.600852949148248e-11,7.194795768745554e-13,1.6425083515514416e-11,1.81637282992142e-08
HS76,scs,low_accuracy,0.0014055800129426643,True,0.0006274007794795367,0.00010082259257737647,0.0003795268148247821,0.00029400257677547614
QPCBLEND,clarabel,default,0.004403840997838415,True,4.6202628726018515e-12,5.68295410730002e-15,1.780752820884855e-09,1.2916480385261053e-09
QPCBLEND,clarabel,high_accuracy,0.0032952969922916964,True,3.3361161055900368e-12,6.608712708703918e-13,2.3218958949825487e-10,2.027609798810337e-09
QPCBLEND,clarabel,low_accuracy,0.00325309501204174,True,2.804151983817037e-13,1.1557215687935107e-12,0.00015044194935728635,4.353580622411951e-05
QPCBLEND,cvxopt,default,0.04709642499801703,True,5.204170427930421e-18,2.4014436928524253e-11,2.9642064817581915e-09,8.041741248604461e-10
QPCBLEND,cvxopt,high_accuracy,0.04795681399991736,True,5.204170427930421e-18,2.4014436928524253e-11,2.9642064817581915e-09,8.041741248604461e-10
QPCBLEND,cvxopt,low_accuracy,0.048009778998675756,True,5.204170427930421e-18,2.4014436928524253e-11,2.9642064817581915e-09,8.041741248604461e-10
QPCBLEND,daqp,default,0.0012441259896149859,True,6.055976867272439e-06,1.7763568394002505e-15,2.710879855190049e-14,1.194615524394843e-06
QPCBLEND,daqp,high_accuracy,0.0013112019951222464,True,1.8953588698522594e-14,1.7763568394002505e-15,2.3687239495728785e-14,2.174185421977004e-09
QPCBLEND,daqp,low_accuracy,0.0006513469998026267,True,0.0012379184080130307,2.6645352591003757e-15,3.1420275406859576e-14,0.0012478222237066634
QPCBLEND,ecos,default,0.005299980999552645,False,inf,inf,inf,
QPCBLEND,ecos,high_accuracy,0.004733513997052796,False,inf,inf,inf,
QPCBLEND,ecos,low_accuracy,0.003966663003666326,False,inf,inf,inf,
QPCBLEND,gurobi,default,0.031906033007544465,True,1.734723475976807e-18,15.343532404086293,3.6553083215163708e-09,2.2038894320619562e-10
QPCBLEND,gurobi,high_accuracy,0.007910040993010625,True,1.734723475976807e-18,15.343532404086293,3.6553083215163708e-09,2.2038894320619562e-10
QPCBLEND,gurobi,low_accuracy,0.006594266000320204,True,1.734723475976807e-18,15.343532404086293,3.6553083215163708e-09,2.2038894320619562e-10
QPCBLEND,highs,default,0.005628675993648358,True,7.090308480265431e-15,2.076390059890798e-09,1.1672907299799863e-10,2.1742138506253283e-09
QPCBLEND,highs,high_accuracy,0.005304830992827192,True,7.090308480265431e-15,2.076390059890798e-09,1.1672907299799863e-10,2.1742138506253283e-09
QPCBLEND,highs,low_accuracy,0.00627155699476134,True,7.090308480265431e-15,2.076390059890798e-09,1.1672907299799863e-10,2.1742138506253283e-09
QPCBLEND,osqp,default,0.0016046919918153435,True,0.0008033132408063991,0.0029954522728279365,0.0007661129362417156,0.0013127497888055888
QPCBLEND,osqp,high_accuracy,0.017941019003046677,True,1.504438934540886e-12,3.1004955027003067e-10,1.2319929366450066e-12,2.172951426432368e-09
QPCBLEND,osqp,low_accuracy,0.0021563379996223375,True,0.00045500334842269764,0.000905596883097548,0.00026306074909973647,0.0007105359621801428
QPCBLEND,proxqp,default,0.004050058996654116,True,4.397779596845147e-06,1.3624851524784987e-09,1.7701744369449898e-06,2.2049483882728704e-06
QPCBLEND,proxqp,high_accuracy,0.004143117999774404,True,1.9811334170394268e-10,8.001876938834585e-12,5.800439934964276e-10,2.754253240408455e-09
QPCBLEND,proxqp,low_accuracy,0.0027406360022723675,True,0.0005100586181822318,2.8461188239514712e-08,0.0006462051472549409,0.0010654791392044616
QPCBLEND,qpoases,default,0.02870778800570406,True,1.4289847782269793e-10,91.63786918067696,2.023668115752699e-11,0.007842540879686385
QPCBLEND,qpoases,high_accuracy,0.02344303399149794,True,1.4289675622611505e-10,91.637869180677,2.0236436450532535e-11,0.00784254087968663
QPCBLEND,qpoases,low_accuracy,0.005604183010291308,True,9.280643011601634e-08,97.4804265124783,2.0274649214398887e-08,0.007842520625351278
QPCBLEND,qpswift,default,0.0031861559982644394,False,inf,inf,inf,
QPCBLEND,qpswift,high_accuracy,0.003756352001801133,False,inf,inf,inf,
QPCBLEND,qpswift,low_accuracy,0.003226901011657901,False,inf,inf,inf,
QPCBLEND,quadprog,default,0.005052354012150317,True,1.0547118733938987e-15,1.1296519275560968e-14,8.478702110134639e-16,2.174208174610115e-09
QPCBLEND,quadprog,high_accuracy,0.005057244998170063,True,1.0547118733938987e-15,1.1296519275560968e-14,8.478702110134639e-16,2.174208174610115e-09
QPCBLEND,quadprog,low_accuracy,0.005468088987981901,True,1.0547118733938987e-15,1.1296519275560968e-14,8.478702110134639e-16,2.174208174610115e-09
QPCBLEND,scs,default,0.08351715200114995,True,0.000152180262090542,4.8901027607810635e-05,9.722788320585354e-05,9.933885259760106e-05
QPCBLEND,scs,high_accuracy,0.3939337029878516,True,5.515100980069132e-10,7.14544867719269e-10,4.112757252327975e-10,2.58723027724006e-09
QPCBLEND,scs,low_accuracy,0.015694827990955673,True,0.0009040792481404339,0.0002821729263373651,0.000557518457415833,0.0010619331951066784
QPCBOEI1,clarabel,default,0.021836200001416728,True,2.8972177993576415e-09,1.5943078324198723e-06,0.0005458185623865575,0.00996113009750843
QPCBOEI1,clarabel,high_accuracy,0.06498366700543556,False,inf,inf,inf,
QPCBOEI1,clarabel,low_accuracy,0.0238116000109585,True,2.8972177993576415e-09,1.5943078324198723e-06,0.0005458185623865575,0.00996113009750843
QPCBOEI1,cvxopt,default,0.3337664590071654,False,inf,inf,inf,
QPCBOEI1,cvxopt,high_accuracy,0.3134359350078739,False,inf,inf,inf,
QPCBOEI1,cvxopt,low_accuracy,0.31212373400921933,False,inf,inf,inf,
QPCBOEI1,daqp,default,0.10512790799839422,True,9.123500396903668e-09,6.548361852765083e-11,1.977215288206935e-05,0.00978800468146801
QPCBOEI1,daqp,high_accuracy,0.1403766449948307,False,inf,inf,inf,
QPCBOEI1,daqp,low_accuracy,0.10481551800330635,True,0.0043062921280894555,6.184563972055912e-11,1.976474595721811e-05,0.009731544181704521
QPCBOEI1,ecos,default,0.0237603109999327,False,inf,inf,inf,
QPCBOEI1,ecos,high_accuracy,0.03159223700640723,False,inf,inf,inf,
QPCBOEI1,ecos,low_accuracy,0.03201929399801884,False,inf,inf,inf,
QPCBOEI1,gurobi,default,0.04001490799419116,,inf,inf,inf,
QPCBOEI1,gurobi,high_accuracy,0.007109035999746993,,inf,inf,inf,
QPCBOEI1,gurobi,low_accuracy,0.007413407991407439,,inf,inf,inf,
QPCBOEI1,highs,default,0.14620561299670953,True,1.3272938303998671e-11,4.747189268528018e-05,0.3199040182225872,0.009768221527338028
QPCBOEI1,highs,high_accuracy,0.1458186779927928,True,1.3272938303998671e-11,4.747189268528018e-05,0.3199040182225872,0.009768221527338028
QPCBOEI1,highs,low_accuracy,0.14563242500298657,True,1.3272938303998671e-11,4.747189268528018e-05,0.3199040182225872,0.009768221527338028
QPCBOEI1,osqp,default,0.01958362000004854,True,24.224776786551786,3.7364141788420966,108316.40505887399,154339.52297334932
QPCBOEI1,osqp,high_accuracy,0.17470459900505375,False,inf,inf,inf,
QPCBOEI1,osqp,low_accuracy,0.15962102700723335,False,inf,inf,inf,
QPCBOEI1,proxqp,default,0.15574685399769805,True,8.864754513099447e-08,2.155706071982344e-09,0.0006371702183969319,0.009131474420428276
QPCBOEI1,proxqp,high_accuracy,16.70329375700385,False,inf,inf,inf,
QPCBOEI1,proxqp,low_accuracy,0.15479116600181442,True,8.864754513099447e-08,2.155706071982344e-09,0.0006371702183969319,0.009131474420428276
QPCBOEI1,qpoases,default,0.4540392739872914,False,inf,inf,inf,
QPCBOEI1,qpoases,high_accuracy,0.4986539800011087,False,inf,inf,inf,
QPCBOEI1,qpoases,low_accuracy,0.9473521239997353,False,inf,inf,inf,
QPCBOEI1,qpswift,default,0.0874069549900014,False,inf,inf,inf,
QPCBOEI1,qpswift,high_accuracy,0.05077401599555742,False,inf,inf,inf,
QPCBOEI1,qpswift,low_accuracy,0.047203604990500025,False,inf,inf,inf,
QPCBOEI1,quadprog,default,0.4814210379990982,False,inf,inf,inf,
QPCBOEI1,quadprog,high_accuracy,0.4378993550053565,False,inf,inf,inf,
QPCBOEI1,quadprog,low_accuracy,0.43782303199986927,False,inf,inf,inf,
QPCBOEI1,scs,default,0.6327253539930098,True,1.122665427763736,0.11313299603352789,2291.1042479036987,6438.512591095641
QPCBOEI1,scs,high_accuracy,5.066504001006251,False,inf,inf,inf,
QPCBOEI1,scs,low_accuracy,4.950111380007002,False,inf,inf,inf,
QPCBOEI2,clarabel,default,0.0087462039955426,True,9.698894132270652e-09,4.470348358154297e-08,0.0019334026638659907,0.05425441823899746
QPCBOEI2,clarabel,high_accuracy,0.022485790992504917,True,5.4569682106375694e-12,2.9802322387695312e-08,9.982500159821939e-09,0.055669642984867096
QPCBOEI2,clarabel,low_accuracy,0.020017267990624532,True,2.371425278369088e-10,5.960464477539063e-08,3.666792517265094e-05,0.05564011447131634
QPCBOEI2,cvxopt,default,0.16307492900523357,False,inf,inf,inf,
QPCBOEI2,cvxopt,high_accuracy,0.15448262399877422,False,inf,inf,inf,
QPCBOEI2,cvxopt,low_accuracy,0.0674601829960011,False,inf,inf,inf,
QPCBOEI2,daqp,default,0.0051916920056100935,True,1.5515881415240074e-06,1.4901161193847656e-08,0.03790656238140855,0.017763102427124977
QPCBOEI2,daqp,high_accuracy,0.010629862998030148,True,1.9910605502104772e-06,8.731149137020111e-11,0.03791973018437034,0.017749933525919914
QPCBOEI2,daqp,low_accuracy,0.009684279997600242,True,1.5515881415240074e-06,1.4901161193847656e-08,0.03790656238140855,0.017763102427124977
QPCBOEI2,ecos,default,0.007007334002992138,False,inf,inf,inf,
QPCBOEI2,ecos,high_accuracy,0.006450222004787065,False,inf,inf,inf,
QPCBOEI2,ecos,low_accuracy,0.00882894299866166,False,inf,inf,inf,
QPCBOEI2,gurobi,default,0.05485293999663554,True,5.4569682106375694e-12,717185.1802498968,49480663.1526298,0.05566966626793146
QPCBOEI2,gurobi,high_accuracy,0.028439456000342034,True,5.4569682106375694e-12,717185.1802498968,49480663.1526298,0.05566966626793146
QPCBOEI2,gurobi,low_accuracy,0.028295591997448355,True,5.4569682106375694e-12,717185.1802498968,49480663.1526298,0.05566966626793146
QPCBOEI2,highs,default,0.026406927005155012,True,5.786660040030256e-11,8.77472693900927e-05,0.35930924247441,0.05566978547722101
QPCBOEI2,highs,high_accuracy,0.020036918998812325,True,5.786660040030256e-11,8.77472693900927e-05,0.35930924247441,0.05566978547722101
QPCBOEI2,highs,low_accuracy,0.020273643007385544,True,5.786660040030256e-11,8.77472693900927e-05,0.35930924247441,0.05566978547722101
QPCBOEI2,osqp,default,0.02271848100645002,True,8.884047132518264,0.05655400960313273,11234.662716676132,979840.6177072637
QPCBOEI2,osqp,high_accuracy,0.08240949398896191,False,inf,inf,inf,
QPCBOEI2,osqp,low_accuracy,0.04340099298860878,False,inf,inf,inf,
QPCBOEI2,proxqp,default,0.020078257002751343,True,7.735498499528148e-07,2.3283064365386963e-10,0.5532745154438032,0.6089442921802402
QPCBOEI2,proxqp,high_accuracy,0.051688653009478,True,4.374527406980633e-10,4.656612873077393e-10,4.91669993607502e-09,0.05566965974867344
QPCBOEI2,proxqp,low_accuracy,0.047140914990450256,True,2.105764451698633e-10,4.656612873077393e-10,0.00015063982991136982,0.055820316076278687
QPCBOEI2,qpoases,default,0.3079311740002595,False,inf,inf,inf,
QPCBOEI2,qpoases,high_accuracy,0.3582375830010278,False,inf,inf,inf,
QPCBOEI2,qpoases,low_accuracy,0.07858197099994868,False,inf,inf,inf,
QPCBOEI2,qpswift,default,0.022371269995346665,False,inf,inf,inf,
QPCBOEI2,qpswift,high_accuracy,0.02354950099834241,False,inf,inf,inf,
QPCBOEI2,qpswift,low_accuracy,0.010774526002933271,False,inf,inf,inf,
QPCBOEI2,quadprog,default,0.044354583995300345,False,inf,inf,inf,
QPCBOEI2,quadprog,high_accuracy,0.021633669006405398,False,inf,inf,inf,
QPCBOEI2,quadprog,low_accuracy,0.02103114200872369,False,inf,inf,inf,
QPCBOEI2,scs,default,1.2929182369989576,True,50.00060204598017,0.031675849848397775,1457.5854341992724,884288.377434968
QPCBOEI2,scs,high_accuracy,1.5725547009933507,False,inf,inf,inf,
QPCBOEI2,scs,low_accuracy,1.5231867499969667,False,inf,inf,inf,
QPCSTAIR,clarabel,default,0.03651951999927405,True,1.5939031584074296e-09,2.551595341265811e-10,0.00018623564392328262,0.023816910572350025
QPCSTAIR,clarabel,high_accuracy,0.07931813401228283,False,inf,inf,inf,
QPCSTAIR,clarabel,low_accuracy,0.036821615998633206,True,1.5939031584074296e-09,2.551595341265811e-10,0.00018623564392328262,0.023816910572350025
QPCSTAIR,cvxopt,default,1.0290594429970952,False,inf,inf,inf,
QPCSTAIR,cvxopt,high_accuracy,0.941132537991507,False,inf,inf,inf,
QPCSTAIR,cvxopt,low_accuracy,0.9476615640014643,True,2.842170943040401e-14,0.00032672769702912774,5.0853705033659935e-05,0.023896035738289356
QPCSTAIR,daqp,default,0.12174171100195963,True,3.638067624933683e-11,2.8323031508207616e-11,3.6833807826042175e-07,0.023885820992290974
QPCSTAIR,daqp,high_accuracy,0.12179651200131048,True,3.638067624933683e-11,2.8323031508207616e-11,3.6833807826042175e-07,0.023885820992290974
QPCSTAIR,daqp,low_accuracy,0.11983943299856037,True,0.0005519639619856801,2.9103830456733704e-11,3.80445271730423e-07,0.023890553042292595
QPCSTAIR,ecos,default,0.028533372009405866,False,inf,inf,inf,
QPCSTAIR,ecos,high_accuracy,0.031472583999857306,False,inf,inf,inf,
QPCSTAIR,ecos,low_accuracy,0.030705287994351238,False,inf,inf,inf,
QPCSTAIR,gurobi,default,0.039992278994759545,,inf,inf,inf,
QPCSTAIR,gurobi,high_accuracy,0.009301882004365325,,inf,inf,inf,
QPCSTAIR,gurobi,low_accuracy,0.009531617004540749,,inf,inf,inf,
QPCSTAIR,highs,default,0.16546871000900865,True,6.478762662689505e-10,2.6090000119438628e-05,0.10964346933178604,0.023885234259068966
QPCSTAIR,highs,high_accuracy,0.1664305489975959,True,6.478762662689505e-10,2.6090000119438628e-05,0.10964346933178604,0.023885234259068966
QPCSTAIR,highs,low_accuracy,0.16640478499175515,True,6.478762662689505e-10,2.6090000119438628e-05,0.10964346933178604,0.023885234259068966
QPCSTAIR,osqp,default,0.06461743100953754,True,0.20450288070342637,0.9072407856942845,8271.270889950683,11431.417236888781
QPCSTAIR,osqp,high_accuracy,0.19210148199636023,False,inf,inf,inf,
QPCSTAIR,osqp,low_accuracy,0.10555154700705316,True,0.0001066556622241851,0.000939490542066139,12.476475704926997,12.298982630483806
QPCSTAIR,proxqp,default,0.4483821439935127,True,8.368525516999625e-08,7.602238838444464e-10,0.0584192737005651,0.08233616966754198
QPCSTAIR,proxqp,high_accuracy,1.2357148159935605,True,1.1368683772161603e-13,7.275957614183426e-11,2.561137080192566e-09,0.023917471058666706
QPCSTAIR,proxqp,low_accuracy,0.4442797969968524,True,3.049865915372152e-11,8.08881850389298e-11,1.933891326189041e-05,0.023936746641993523
QPCSTAIR,qpoases,default,0.12048686799244024,False,inf,inf,inf,
QPCSTAIR,qpoases,high_accuracy,0.09190898400265723,False,inf,inf,inf,
QPCSTAIR,qpoases,low_accuracy,0.1464705060061533,False,inf,inf,inf,
QPCSTAIR,qpswift,default,0.09140119698713534,False,inf,inf,inf,
QPCSTAIR,qpswift,high_accuracy,0.050320387003012,False,inf,inf,inf,
QPCSTAIR,qpswift,low_accuracy,0.05132292999769561,False,inf,inf,inf,
QPCSTAIR,quadprog,default,0.868735233991174,False,inf,inf,inf,
QPCSTAIR,quadprog,high_accuracy,0.8360307139955694,False,inf,inf,inf,
QPCSTAIR,quadprog,low_accuracy,0.8235588680108776,False,inf,inf,inf,
QPCSTAIR,scs,default,1.453232696003397,True,0.006322218662489831,0.43698998779473186,0.2641183724626899,87.72156698536128
QPCSTAIR,scs,high_accuracy,5.062572467999416,False,inf,inf,inf,
QPCSTAIR,scs,low_accuracy,1.4488652779982658,True,1.8259403304909938e-06,0.00048335977430724597,0.00016855751164257526,0.0544254407286644
QPTEST,clarabel,default,0.0013669569889316335,True,0.0,9.584197375343898e-12,3.691671679462161e-08,1.322673615078429e-08
QPTEST,clarabel,high_accuracy,0.0014394949976122007,True,0.0,9.552335843303596e-14,3.6916425472099945e-10,1.3226575390490325e-10
QPTEST,clarabel,low_accuracy,0.0014963930007070303,True,0.0,9.598934811428372e-10,3.69164894564733e-06,1.322666646430548e-06
QPTEST,cvxopt,default,0.0054017950023990124,True,0.0,8.64050917808158e-16,2.6071477066125226e-07,5.7967784350410057e-08
QPTEST,cvxopt,high_accuracy,0.005472675999044441,True,0.0,8.64050917808158e-16,2.6071477066125226e-07,5.7967784350410057e-08
QPTEST,cvxopt,low_accuracy,0.005506785004399717,True,0.0,8.64050917808158e-16,2.6071477066125226e-07,5.7967784350410057e-08
QPTEST,daqp,default,0.00016358400171156973,True,0.0,1.7763568394002505e-15,3.552713678800501e-15,1.7763568394002505e-15
QPTEST,daqp,high_accuracy,0.0001275609974982217,True,0.0,1.7763568394002505e-15,3.552713678800501e-15,1.7763568394002505e-15
QPTEST,daqp,low_accuracy,0.00015636198804713786,True,0.0,1.7763568394002505e-15,3.552713678800501e-15,1.7763568394002505e-15
QPTEST,ecos,default,0.0008400810038438067,False,inf,inf,inf,
QPTEST,ecos,high_accuracy,0.0005496719968505204,False,inf,inf,inf,
QPTEST,ecos,low_accuracy,0.0006572140118805692,False,inf,inf,inf,
QPTEST,gurobi,default,0.022301874996628612,True,0.0,17.099999999582444,17.100000000093832,9.237055564881302e-12
QPTEST,gurobi,high_accuracy,0.0035077139909844846,True,0.0,17.099999999582444,17.100000000093832,9.237055564881302e-12
QPTEST,gurobi,low_accuracy,0.004563182999845594,True,0.0,17.099999999582444,17.100000000093832,9.237055564881302e-12
QPTEST,highs,default,0.0007385000062640756,True,0.0,7.625000009170435e-08,8.070312240704425e-08,0.0
QPTEST,highs,high_accuracy,0.0008416799973929301,True,0.0,7.625000009170435e-08,8.070312240704425e-08,0.0
QPTEST,highs,low_accuracy,0.0007278400007635355,True,0.0,7.625000009170435e-08,8.070312240704425e-08,0.0
QPTEST,osqp,default,0.0010994100011885166,True,0.0,1.523853487839233e-08,4.78208406207159e-09,1.9830368458428893e-09
QPTEST,osqp,high_accuracy,0.0013292830117279664,True,0.0,4.440892098500626e-15,5.329070518200751e-15,3.552713678800501e-15
QPTEST,osqp,low_accuracy,0.0010323290043743327,True,0.0,1.523853487839233e-08,4.78208406207159e-09,1.9830368458428893e-09
QPTEST,proxqp,default,0.00033307400008197874,True,0.0,7.1039217521828846e-06,1.3940706434555814,1.3147360077761316
QPTEST,proxqp,high_accuracy,0.0002678260061657056,True,0.0,3.552713678800501e-15,3.596731801280839e-10,3.596696274144051e-10
QPTEST,proxqp,low_accuracy,0.0002595249970909208,True,0.0,7.2190768918289905e-09,0.0008188920075831163,0.000818850698837359
QPTEST,qpoases,default,0.0005335650057531893,True,0.0,72.0,0.0,11.628125
QPTEST,qpoases,high_accuracy,0.0005325940001057461,True,0.0,72.0,0.0,11.628125
QPTEST,qpoases,low_accuracy,0.0004940200014971197,True,0.0,72.0000000000068,3.076650045841234e-12,11.62812500000307
QPTEST,qpswift,default,0.00019279900880064815,False,inf,inf,inf,
QPTEST,qpswift,high_accuracy,0.00016522199439350516,False,inf,inf,inf,
QPTEST,qpswift,low_accuracy,0.00021169900719542056,False,inf,inf,inf,
QPTEST,quadprog,default,0.00016690300253685564,True,0.0,1.7763568394002505e-15,1.7763568394002505e-15,0.0
QPTEST,quadprog,high_accuracy,0.00020511599723249674,True,0.0,1.7763568394002505e-15,1.7763568394002505e-15,0.0
QPTEST,quadprog,low_accuracy,0.00014331100101117045,True,0.0,1.7763568394002505e-15,1.7763568394002505e-15,0.0
QPTEST,scs,default,0.0012361609988147393,True,1.3574054323672868e-05,4.769623647149501e-07,5.8457666765932004e-05,5.802890719142084e-05
QPTEST,scs,high_accuracy,0.0012594360014190897,True,0.0,6.3203477075536535e-12,4.560085642424383e-11,4.9047876871100016e-11
QPTEST,scs,low_accuracy,0.0011985789897153154,True,1.3574054323672868e-05,4.769623647149501e-07,5.8457666765932004e-05,5.802890719142084e-05
S268,clarabel,default,0.0014799769996898249,True,0.0,1.050218257996581e-08,2.9168012319820066e-05,8.677465425139052e-06
S268,clarabel,high_accuracy,0.0014986540045356378,True,0.0,8.256491529413617e-11,1.2008493442918874e-10,5.730979550529823e-07
S268,clarabel,low_accuracy,0.0015427089965669438,True,0.0,1.6075528165484382e-07,0.0008206209276317086,0.00023891634203624981
S268,cvxopt,default,0.0036671109992312267,True,0.0,4.214502011280018e-12,0.006534371931195701,0.0022561968400028167
S268,cvxopt,high_accuracy,0.004288887997972779,True,0.0,4.214502011280018e-12,0.006534371931195701,0.0022561968400028167
S268,cvxopt,low_accuracy,0.004293559992220253,True,0.0,4.214502011280018e-12,0.006534371931195701,0.0022561968400028167
S268,daqp,default,0.00010776199633255601,True,0.0,7.275957614183426e-12,2.546585164964199e-11,5.731179639364213e-07
S268,daqp,high_accuracy,0.0001342650066362694,True,0.0,7.275957614183426e-12,2.546585164964199e-11,5.731179639364213e-07
S268,daqp,low_accuracy,0.00018228800036013126,True,0.0,7.275957614183426e-12,2.546585164964199e-11,5.731179639364213e-07
S268,ecos,default,0.0006941430037841201,False,inf,inf,inf,
S268,ecos,high_accuracy,0.0006316369981504977,False,inf,inf,inf,
S268,ecos,low_accuracy,0.0007001379999564961,False,inf,inf,inf,
S268,gurobi,default,0.003550467998138629,True,0.0,5.746892812240689e-05,0.0003448022619591209,5.66322219524774e-07
S268,gurobi,high_accuracy,0.004437673007487319,True,0.0,5.746892812240689e-05,0.0003448022619591209,5.66322219524774e-07
S268,gurobi,low_accuracy,0.003382701994269155,True,0.0,5.746892812240689e-05,0.0003448022619591209,5.66322219524774e-07
S268,highs,default,0.0008468570013064891,True,0.0,4.0003496337703837e-07,3.100023604929447e-06,5.731106879788071e-07
S268,highs,high_accuracy,0.0010090640134876594,True,0.0,4.0003496337703837e-07,3.100023604929447e-06,5.731106879788071e-07
S268,highs,low_accuracy,0.0008611079974798486,True,0.0,4.0003496337703837e-07,3.100023604929447e-06,5.731106879788071e-07
S268,osqp,default,0.0012104549969080836,True,0.0,0.5200305248944422,0.5003772646921154,0.42859003582283056
S268,osqp,high_accuracy,0.0011626670020632446,True,0.0,3.346940470872426e-10,1.9026629228238307e-09,5.730979550529823e-07
S268,osqp,low_accuracy,0.001117399995564483,True,0.0,0.0007924757082946567,0.004618097907950876,5.348602039307115e-06
S268,proxqp,default,0.00020045200653839856,True,0.0,1.3442258932627738e-06,3.956000000471249e-06,5.731306968622461e-07
S268,proxqp,high_accuracy,0.00019925000378862023,True,0.0,1.4551915228366852e-11,4.001776687800884e-11,5.731106879788071e-07
S268,proxqp,low_accuracy,0.00022520100174006075,True,0.0,0.0002965310704894364,0.0008724045983399265,4.3991882688296886e-07
S268,qpoases,default,0.0006954310083528981,True,3.7260861063259654e-11,3.637978807091713e-12,1.4551915228366852e-11,5.731034120211929e-07
S268,qpoases,high_accuracy,0.0009085390047403052,True,0.0,2.9103830456733704e-11,3.637978807091713e-11,5.731125069682107e-07
S268,qpoases,low_accuracy,0.0004922850057482719,True,0.0,7.275957614183426e-12,1.4551915228366852e-11,5.731197829258248e-07
S268,qpswift,default,0.0002630749950185418,False,inf,inf,inf,
S268,qpswift,high_accuracy,0.0002449469902785495,False,inf,inf,inf,
S268,qpswift,low_accuracy,0.00023642298765480518,False,inf,inf,inf,
S268,quadprog,default,0.00014713199925608933,True,0.0,7.275957614183426e-12,2.1827872842550278e-11,5.731234209046319e-07
S268,quadprog,high_accuracy,0.0001334730040980503,True,0.0,7.275957614183426e-12,2.1827872842550278e-11,5.731234209046319e-07
S268,quadprog,low_accuracy,0.00014329700206872076,True,0.0,7.275957614183426e-12,2.1827872842550278e-11,5.731234209046319e-07
S268,scs,default,0.0011455329949967563,True,0.0,0.3337330416535505,0.23293948921127594,0.09704956875078512
S268,scs,high_accuracy,0.0015984600031515583,True,0.0,1.5279510989785194e-10,6.511982064694166e-10,5.731216019152284e-07
S268,scs,low_accuracy,0.0013659680116688833,True,0.0,9.930302621796807e-05,0.0003842579462797994,5.441705665683925e-07
TAME,clarabel,default,0.001098987995646894,True,2.220446049250313e-16,4.709617519125539e-10,8.16781450695609e-11,0.0
TAME,clarabel,high_accuracy,0.0011783320078393444,True,2.220446049250313e-16,4.709617519125539e-10,8.16781450695609e-11,0.0
TAME,clarabel,low_accuracy,0.001158535000286065,True,0.0,4.7096206728772e-06,8.167819976169928e-07,0.0
TAME,cvxopt,default,0.0014880459930282086,True,4.440892098500626e-16,6.364273121780628e-17,2.5955338548747044e-09,2.1693674893577825e-29
TAME,cvxopt,high_accuracy,0.0014361149951582775,True,4.440892098500626e-16,6.364273121780628e-17,2.5955338548747044e-09,2.1693674893577825e-29
TAME,cvxopt,low_accuracy,0.0014431640011025593,True,4.440892098500626e-16,6.364273121780628e-17,2.5955338548747044e-09,2.1693674893577825e-29
TAME,daqp,default,0.0001541800011182204,True,0.0,1.1102230246251568e-16,1.1102230246251568e-16,0.0
TAME,daqp,high_accuracy,0.00015130499377846718,True,0.0,1.1102230246251568e-16,1.1102230246251568e-16,0.0
TAME,daqp,low_accuracy,0.00010641799599397928,True,0.0,1.1102230246251568e-16,1.1102230246251568e-16,0.0
TAME,ecos,default,0.0010173459886573255,False,inf,inf,inf,
TAME,ecos,high_accuracy,0.0014710200048284605,False,inf,inf,inf,
TAME,ecos,low_accuracy,0.001018098002532497,False,inf,inf,inf,
TAME,gurobi,default,0.020214507007040083,True,1.1102230246251565e-16,2.665790229698062e-10,2.665790229698062e-10,0.0
TAME,gurobi,high_accuracy,0.004372702998807654,True,1.1102230246251565e-16,2.665790229698062e-10,2.665790229698062e-10,0.0
TAME,gurobi,low_accuracy,0.003428833995712921,True,1.1102230246251565e-16,2.665790229698062e-10,2.665790229698062e-10,0.0
TAME,highs,default,0.0007774740079184994,True,0.0,5.000000014021566e-08,5.000000002919336e-08,3.0814879110195774e-33
TAME,highs,high_accuracy,0.0006753829948138446,True,0.0,5.000000014021566e-08,5.000000002919336e-08,3.0814879110195774e-33
TAME,highs,low_accuracy,0.0006596160092158243,True,0.0,5.000000014021566e-08,5.000000002919336e-08,3.0814879110195774e-33
TAME,osqp,default,0.001169319002656266,True,0.00024523913794238794,0.0003065735798684374,0.00030657357986810436,2.465190328815662e-32
TAME,osqp,high_accuracy,0.001087440992705524,True,1.1819434320159417e-12,2.371523658978944e-16,2.371523658978944e-16,0.0
TAME,osqp,low_accuracy,0.001100561989005655,True,0.00024523913794238794,0.0003065735798684374,0.00030657357986810436,2.465190328815662e-32
TAME,proxqp,default,0.00012353999773040414,True,5.013556236832528e-10,9.99999999426939e-07,9.99999999426939e-07,0.0
TAME,proxqp,high_accuracy,0.00015462499868590385,True,5.013556236832528e-10,4.0948083292744776e-14,4.0948083292744776e-14,0.0
TAME,proxqp,low_accuracy,0.0001444810040993616,True,5.013556236832528e-10,9.99999999426939e-07,9.99999999426939e-07,0.0
TAME,qpoases,default,0.0002653419942362234,True,2.220446049250313e-16,2.220446049250313e-16,1.1102230246251565e-16,3.0814879110195774e-33
TAME,qpoases,high_accuracy,0.00027987800422124565,True,2.220446049250313e-16,2.220446049250313e-16,1.1102230246251565e-16,3.0814879110195774e-33
TAME,qpoases,low_accuracy,0.00029999100661370903,True,2.220446049250313e-16,0.0,0.0,0.0
TAME,qpswift,default,0.00015591799456160516,False,inf,inf,inf,
TAME,qpswift,high_accuracy,0.00017117999959737062,False,inf,inf,inf,
TAME,qpswift,low_accuracy,0.0002745160018093884,False,inf,inf,inf,
TAME,quadprog,default,0.00016123299428727478,True,0.0,1.1102230246251568e-16,1.1102230246251568e-16,0.0
TAME,quadprog,high_accuracy,0.00016464400687254965,True,0.0,1.1102230246251568e-16,1.1102230246251568e-16,0.0
TAME,quadprog,low_accuracy,0.00014190100773703307,True,0.0,1.1102230246251568e-16,1.1102230246251568e-16,0.0
TAME,scs,default,0.0012406619935063645,True,1.3439126256287182e-08,1.0084672293401675e-07,1.0084672272571889e-07,1.232595164407831e-32
TAME,scs,high_accuracy,0.0012795319926226512,True,8.881784197001252e-16,2.7777060682840396e-15,2.7639593237321524e-15,0.0
TAME,scs,low_accuracy,0.0013003759959246963,True,1.3439126256287182e-08,1.0084672293401675e-07,1.0084672272571889e-07,1.232595164407831e-32
